TMEDIA,TMIN,TMAX,VELMEDIA,SOL,PRESMAX,PRESMIN,Potencia contratada (kW),Mes,Media de residentes,Tipo de vivienda_Adosado,Tipo de vivienda_Casa Unifamiliar,Tipo de vivienda_Duplex,Tipo de vivienda_Piso
-0.15073869663641631,-0.11451032096059714,-0.17154263692151459,0.31457956340960286,0.01788661803242867,-0.6592126956455773,-0.6673060227540821,1.1429490100397213,4,4.1,False,False,False,True
-0.15073869663641631,-0.11451032096059714,-0.17154263692151459,0.31457956340960286,0.01788661803242867,-0.6592126956455773,-0.6673060227540821,1.0406788434650385,4,4.0,True,False,False,False
-0.15073869663641631,-0.11451032096059714,-0.17154263692151459,0.31457956340960286,0.01788661803242867,-0.6592126956455773,-0.6673060227540821,-1.5160753209020426,4,3.2,False,False,True,False
-0.15073869663641631,-0.11451032096059714,-0.17154263692151459,0.31457956340960286,0.01788661803242867,-0.6592126956455773,-0.6673060227540821,-1.4138051543273593,4,2.6,False,True,False,False
0.07463522827556396,-0.07195610210162078,0.16717214437342773,1.120965963295161,0.837636450148124,-0.5606752268603828,-0.503640576710928,1.0406788434650385,5,4.5,False,False,False,True
0.07463522827556396,-0.07195610210162078,0.16717214437342773,1.120965963295161,0.837636450148124,-0.5606752268603828,-0.503640576710928,0.8361385103156718,5,3.1,True,False,False,False
0.07463522827556396,-0.07195610210162078,0.16717214437342773,1.120965963295161,0.837636450148124,-0.5606752268603828,-0.503640576710928,0.733868343740989,5,3.5,False,False,True,False
0.07463522827556396,-0.07195610210162078,0.16717214437342773,1.120965963295161,0.837636450148124,-0.5606752268603828,-0.503640576710928,0.42705784401693936,5,2.8,False,True,False,False
0.6742458138201134,0.6211250755240207,0.6964065079793949,0.4856820217736494,1.1889698679245966,-0.4891701610162349,-0.34135897494962036,1.1429490100397213,6,3.2,False,False,False,True
0.6742458138201134,0.6211250755240207,0.6964065079793949,0.4856820217736494,1.1889698679245966,-0.4891701610162349,-0.34135897494962036,1.4497595097637719,6,2.1,True,False,False,False
0.6742458138201134,0.6211250755240207,0.6964065079793949,0.4856820217736494,1.1889698679245966,-0.4891701610162349,-0.34135897494962036,1.2452191766144052,6,3.1,False,False,True,False
0.6742458138201134,0.6211250755240207,0.6964065079793949,0.4856820217736494,1.1889698679245966,-0.4891701610162349,-0.34135897494962036,-1.5160753209020426,6,3.1,False,True,False,False
1.1456776243081703,1.1205812886768793,1.141885565879002,0.5630199815843857,1.2283508806295427,-0.46261595875156475,-0.32298599591891086,0.733868343740989,7,4.6,False,False,False,True
1.1456776243081703,1.1205812886768793,1.141885565879002,0.5630199815843857,1.2283508806295427,-0.46261595875156475,-0.32298599591891086,0.2225175108675727,7,4.0,True,False,False,False
1.1456776243081703,1.1205812886768793,1.141885565879002,0.5630199815843857,1.2283508806295427,-0.46261595875156475,-0.32298599591891086,0.733868343740989,7,4.6,False,False,True,False
1.1456776243081703,1.1205812886768793,1.141885565879002,0.5630199815843857,1.2283508806295427,-0.46261595875156475,-0.32298599591891086,0.5293280105916223,7,3.4,False,True,False,False
1.1893338536350502,1.09920966414575,1.2264893107253363,-0.22500002538445216,1.2699082618308075,-0.4937552616191833,-0.3502854694787123,-0.8001841548792598,8,2.9,False,False,False,True
1.1893338536350502,1.09920966414575,1.2264893107253363,-0.22500002538445216,1.2699082618308075,-0.4937552616191833,-0.3502854694787123,0.733868343740989,8,4.3,True,False,False,False
1.1893338536350502,1.09920966414575,1.2264893107253363,-0.22500002538445216,1.2699082618308075,-0.4937552616191833,-0.3502854694787123,-1.209264821177993,8,2.4,False,False,True,False
1.1893338536350502,1.09920966414575,1.2264893107253363,-0.22500002538445216,1.2699082618308075,-0.4937552616191833,-0.3502854694787123,1.347489343189088,8,2.5,False,True,False,False
0.817472053077534,1.0731247326619588,0.6382181199481705,-0.8487961260859931,-0.08564097992178339,0.3909961586150669,0.5093662864197319,0.2225175108675727,9,3.0,False,False,False,True
0.817472053077534,1.0731247326619588,0.6382181199481705,-0.8487961260859931,-0.08564097992178339,0.3909961586150669,0.5093662864197319,0.733868343740989,9,4.7,True,False,False,False
0.817472053077534,1.0731247326619588,0.6382181199481705,-0.8487961260859931,-0.08564097992178339,0.3909961586150669,0.5093662864197319,0.8361385103156718,9,2.2,False,False,True,False
0.817472053077534,1.0731247326619588,0.6382181199481705,-0.8487961260859931,-0.08564097992178339,0.3909961586150669,0.5093662864197319,-0.3911034885805273,9,4.6,False,True,False,False
0.3887157545380859,0.6022869338569417,0.24546728765486844,-0.9190652084847808,-0.18666387792549013,-0.38793226488209087,-0.2900253412061613,-0.4933736551552102,10,4.4,False,False,False,True
0.3887157545380859,0.6022869338569417,0.24546728765486844,-0.9190652084847808,-0.18666387792549013,-0.38793226488209087,-0.2900253412061613,0.6315981771663052,10,4.2,True,False,False,False
0.3887157545380859,0.6022869338569417,0.24546728765486844,-0.9190652084847808,-0.18666387792549013,-0.38793226488209087,-0.2900253412061613,0.5293280105916223,10,4.7,False,False,True,False
0.3887157545380859,0.6022869338569417,0.24546728765486844,-0.9190652084847808,-0.18666387792549013,-0.38793226488209087,-0.2900253412061613,-0.6979139883045768,10,3.2,False,True,False,False
-0.707530335962141,-0.34560980190206336,-0.9266693110379286,0.6359450781574608,-1.8287432892969147,-1.2320380340968677,-1.477190405028039,0.2225175108675727,11,3.9,False,False,False,True
-0.707530335962141,-0.34560980190206336,-0.9266693110379286,0.6359450781574608,-1.8287432892969147,-1.2320380340968677,-1.477190405028039,0.8361385103156718,11,2.7,True,False,False,False
-0.707530335962141,-0.34560980190206336,-0.9266693110379286,0.6359450781574608,-1.8287432892969147,-1.2320380340968677,-1.477190405028039,0.8361385103156718,11,2.2,False,False,True,False
-0.707530335962141,-0.34560980190206336,-0.9266693110379286,0.6359450781574608,-1.8287432892969147,-1.2320380340968677,-1.477190405028039,0.32478767744225556,11,2.6,False,True,False,False
-1.5010816158943106,-1.5147132593485588,-1.466096979202403,-1.502412299570213,-1.0264419287465356,0.43367275603653893,0.38554227637959804,-1.3115349877526759,12,2.9,False,False,False,True
-1.5010816158943106,-1.5147132593485588,-1.466096979202403,-1.502412299570213,-1.0264419287465356,0.43367275603653893,0.38554227637959804,-1.5160753209020426,12,2.6,True,False,False,False
-1.5010816158943106,-1.5147132593485588,-1.466096979202403,-1.502412299570213,-1.0264419287465356,0.43367275603653893,0.38554227637959804,0.01797717771820604,12,4.1,False,False,True,False
-1.5010816158943106,-1.5147132593485588,-1.466096979202403,-1.502412299570213,-1.0264419287465356,0.43367275603653893,0.38554227637959804,-1.4138051543273593,12,3.9,False,True,False,False
-1.522898012337558,-1.7291380587798735,-1.3644673816592605,-0.19458457597473897,-0.8198745395700455,0.47730153539303405,0.23180975707051912,-0.9024543214539436,1,2.9,False,False,False,True
-1.522898012337558,-1.7291380587798735,-1.3644673816592605,-0.19458457597473897,-0.8198745395700455,0.47730153539303405,0.23180975707051912,-1.209264821177993,1,2.1,True,False,False,False
-1.522898012337558,-1.7291380587798735,-1.3644673816592605,-0.19458457597473897,-0.8198745395700455,0.47730153539303405,0.23180975707051912,0.5293280105916223,1,2.4,False,False,True,False
-1.522898012337558,-1.7291380587798735,-1.3644673816592605,-0.19458457597473897,-0.8198745395700455,0.47730153539303405,0.23180975707051912,1.1429490100397213,1,3.4,False,True,False,False
-1.5050490704451747,-1.4886609114617357,-1.4886719452325223,1.1927595614507904,-1.2008060328451033,-0.23348349264503152,-0.39675957327693234,-1.5160753209020426,2,4.9,False,False,False,True
-1.5050490704451747,-1.4886609114617357,-1.4886719452325223,1.1927595614507904,-1.2008060328451033,-0.23348349264503152,-0.39675957327693234,-0.2888333220058435,2,4.9,True,False,False,False
-1.5050490704451747,-1.4886609114617357,-1.4886719452325223,1.1927595614507904,-1.2008060328451033,-0.23348349264503152,-0.39675957327693234,-1.1069946546033098,2,3.3,False,False,True,False
-1.5050490704451747,-1.4886609114617357,-1.4886719452325223,1.1927595614507904,-1.2008060328451033,-0.23348349264503152,-0.39675957327693234,-1.0047244880286264,2,4.3,False,True,False,False
-0.7943323196487678,-1.0864423748457381,-0.5934078886963494,0.31043632770180607,0.03144201664096773,-0.0346826122973366,-0.002688946687374498,-0.595643821729893,3,4.6,False,False,False,True
-0.7943323196487678,-1.0864423748457381,-0.5934078886963494,0.31043632770180607,0.03144201664096773,-0.0346826122973366,-0.002688946687374498,1.6542998429131375,3,3.1,True,False,False,False
-0.7943323196487678,-1.0864423748457381,-0.5934078886963494,0.31043632770180607,0.03144201664096773,-0.0346826122973366,-0.002688946687374498,-0.4933736551552102,3,4.4,False,False,True,False
-0.7943323196487678,-1.0864423748457381,-0.5934078886963494,0.31043632770180607,0.03144201664096773,-0.0346826122973366,-0.002688946687374498,1.4497595097637719,3,2.4,False,True,False,False
-0.28342621966500237,-0.31181230622365225,-0.2605825094335753,0.26805966425226846,-0.20138250797171714,-0.35121770471699226,-0.30409302691564605,-0.2888333220058435,4,2.9,False,False,False,True
-0.28342621966500237,-0.31181230622365225,-0.2605825094335753,0.26805966425226846,-0.20138250797171714,-0.35121770471699226,-0.30409302691564605,0.32478767744225556,4,2.5,True,False,False,False
-0.28342621966500237,-0.31181230622365225,-0.2605825094335753,0.26805966425226846,-0.20138250797171714,-0.35121770471699226,-0.30409302691564605,-0.8001841548792598,4,2.7,False,False,True,False
-0.28342621966500237,-0.31181230622365225,-0.2605825094335753,0.26805966425226846,-0.20138250797171714,-0.35121770471699226,-0.30409302691564605,1.1429490100397213,4,4.4,False,True,False,False
0.3963033021126816,0.23120489916698123,0.49424210375646266,1.8612948383977477,1.194673454328743,-0.20480953528128912,-0.21001398091110252,-1.7206156540514093,5,4.5,False,False,False,True
0.3963033021126816,0.23120489916698123,0.49424210375646266,1.8612948383977477,1.194673454328743,-0.20480953528128912,-0.21001398091110252,0.32478767744225556,5,4.2,True,False,False,False
0.3963033021126816,0.23120489916698123,0.49424210375646266,1.8612948383977477,1.194673454328743,-0.20480953528128912,-0.21001398091110252,-1.0047244880286264,5,2.6,False,False,True,False
0.3963033021126816,0.23120489916698123,0.49424210375646266,1.8612948383977477,1.194673454328743,-0.20480953528128912,-0.21001398091110252,-1.3115349877526759,5,2.5,False,True,False,False
1.1395577838126763,1.1298355248434055,1.1254294609903162,-0.05915550719179417,0.7510132316351478,-0.32584212647228483,-0.19264184279529847,-0.18656315543116064,6,4.6,False,False,False,True
1.1395577838126763,1.1298355248434055,1.1254294609903162,-0.05915550719179417,0.7510132316351478,-0.32584212647228483,-0.19264184279529847,0.32478767744225556,6,2.3,True,False,False,False
1.1395577838126763,1.1298355248434055,1.1254294609903162,-0.05915550719179417,0.7510132316351478,-0.32584212647228483,-0.19264184279529847,-1.209264821177993,6,3.5,False,False,True,False
1.1395577838126763,1.1298355248434055,1.1254294609903162,-0.05915550719179417,0.7510132316351478,-0.32584212647228483,-0.19264184279529847,-1.618345487476726,6,2.7,False,True,False,False
1.6520600030384842,1.564395847330964,1.6795981383125111,0.007148057795654809,1.4928922237166011,-0.3576368455610636,-0.2128655388251653,0.5293280105916223,7,3.9,False,False,False,True
1.6520600030384842,1.564395847330964,1.6795981383125111,0.007148057795654809,1.4928922237166011,-0.3576368455610636,-0.2128655388251653,-0.2888333220058435,7,4.2,True,False,False,False
1.6520600030384842,1.564395847330964,1.6795981383125111,0.007148057795654809,1.4928922237166011,-0.3576368455610636,-0.2128655388251653,-1.209264821177993,7,3.6,False,False,True,False
1.6520600030384842,1.564395847330964,1.6795981383125111,0.007148057795654809,1.4928922237166011,-0.3576368455610636,-0.2128655388251653,-0.3911034885805273,7,2.5,False,True,False,False
1.2631293452968475,1.2096253962312447,1.2754291255791093,0.3247473273638971,0.9739409081287964,-0.4454007344019671,-0.3405146901554612,-0.2888333220058435,8,3.4,False,False,False,True
1.2631293452968475,1.2096253962312447,1.2754291255791093,0.3247473273638971,0.9739409081287964,-0.4454007344019671,-0.3405146901554612,-0.08429298885647685,8,3.6,True,False,False,False
1.2631293452968475,1.2096253962312447,1.2754291255791093,0.3247473273638971,0.9739409081287964,-0.4454007344019671,-0.3405146901554612,1.347489343189088,8,4.4,False,False,True,False
1.2631293452968475,1.2096253962312447,1.2754291255791093,0.3247473273638971,0.9739409081287964,-0.4454007344019671,-0.3405146901554612,-1.209264821177993,8,2.1,False,True,False,False
0.5636740552100791,0.44224879489925273,0.6315984874429506,-0.2835982618525025,0.35609615854014887,-0.4988931059450723,-0.43097058022210016,-0.4933736551552102,9,2.4,False,False,False,True
0.5636740552100791,0.44224879489925273,0.6315984874429506,-0.2835982618525025,0.35609615854014887,-0.4988931059450723,-0.43097058022210016,1.4497595097637719,9,2.1,True,False,False,False
0.5636740552100791,0.44224879489925273,0.6315984874429506,-0.2835982618525025,0.35609615854014887,-0.4988931059450723,-0.43097058022210016,-1.3115349877526759,9,3.3,False,False,True,False
0.5636740552100791,0.44224879489925273,0.6315984874429506,-0.2835982618525025,0.35609615854014887,-0.4988931059450723,-0.43097058022210016,-1.209264821177993,9,3.4,False,True,False,False
0.0034382519414372812,0.3232464503285586,-0.20179425337065082,0.4043728510592391,-0.8450153480620072,-0.6564560093934949,-0.6515861108414525,0.12024734429288891,10,2.4,False,False,False,True
0.0034382519414372812,0.3232464503285586,-0.20179425337065082,0.4043728510592391,-0.8450153480620072,-0.6564560093934949,-0.6515861108414525,-0.3911034885805273,10,2.9,True,False,False,False
0.0034382519414372812,0.3232464503285586,-0.20179425337065082,0.4043728510592391,-0.8450153480620072,-0.6564560093934949,-0.6515861108414525,-1.3115349877526759,10,2.2,False,False,True,False
0.0034382519414372812,0.3232464503285586,-0.20179425337065082,0.4043728510592391,-0.8450153480620072,-0.6564560093934949,-0.6515861108414525,1.1429490100397213,10,2.2,False,True,False,False
-0.6287881441238639,-0.6375332749716223,-0.6115213192556018,-1.5969069330593961,-0.6521346900757299,0.5160646228673882,0.4622421951557882,-1.4138051543273593,11,3.8,False,False,False,True
-0.6287881441238639,-0.6375332749716223,-0.6115213192556018,-1.5969069330593961,-0.6521346900757299,0.5160646228673882,0.4622421951557882,-0.8001841548792598,11,2.6,True,False,False,False
-0.6287881441238639,-0.6375332749716223,-0.6115213192556018,-1.5969069330593961,-0.6521346900757299,0.5160646228673882,0.4622421951557882,1.5520296763384547,11,4.1,False,False,True,False
-0.6287881441238639,-0.6375332749716223,-0.6115213192556018,-1.5969069330593961,-0.6521346900757299,0.5160646228673882,0.4622421951557882,1.6542998429131375,11,2.6,False,True,False,False
-0.8891239323403425,-0.8861589801553827,-0.8752713556744927,-0.8701296418653045,-1.260964396022297,0.8148549540120194,0.7888699825210987,-0.595643821729893,12,2.9,False,False,False,True
-0.8891239323403425,-0.8861589801553827,-0.8752713556744927,-0.8701296418653045,-1.260964396022297,0.8148549540120194,0.7888699825210987,-1.0047244880286264,12,4.5,True,False,False,False
-0.8891239323403425,-0.8861589801553827,-0.8752713556744927,-0.8701296418653045,-1.260964396022297,0.8148549540120194,0.7888699825210987,-0.595643821729893,12,3.9,False,False,True,False
-0.8891239323403425,-0.8861589801553827,-0.8752713556744927,-0.8701296418653045,-1.260964396022297,0.8148549540120194,0.7888699825210987,1.5520296763384547,12,3.4,False,True,False,False
-1.0124845658610495,-0.6801329583561591,-1.207182744679134,1.3575915715187346,-1.8080584076831927,-0.020146718208039618,-0.16619224531971927,-1.3115349877526759,1,2.9,False,False,False,True
-1.0124845658610495,-0.6801329583561591,-1.207182744679134,1.3575915715187346,-1.8080584076831927,-0.020146718208039618,-0.16619224531971927,-1.4138051543273593,1,4.7,True,False,False,False
-1.0124845658610495,-0.6801329583561591,-1.207182744679134,1.3575915715187346,-1.8080584076831927,-0.020146718208039618,-0.16619224531971927,1.4497595097637719,1,3.7,False,False,True,False
-1.0124845658610495,-0.6801329583561591,-1.207182744679134,1.3575915715187346,-1.8080584076831927,-0.020146718208039618,-0.16619224531971927,-0.9024543214539436,1,3.9,False,True,False,False
-1.2326711355063924,-1.0996097895036776,-1.2963194465124888,2.4706223446912357,-1.0496289224766413,-0.024387233029451755,-0.3737298449660204,1.2452191766144052,2,2.1,False,False,False,True
-1.2326711355063924,-1.0996097895036776,-1.2963194465124888,2.4706223446912357,-1.0496289224766413,-0.024387233029451755,-0.3737298449660204,0.12024734429288891,2,3.3,True,False,False,False
-1.2326711355063924,-1.0996097895036776,-1.2963194465124888,2.4706223446912357,-1.0496289224766413,-0.024387233029451755,-0.3737298449660204,1.2452191766144052,2,2.7,False,False,True,False
-1.2326711355063924,-1.0996097895036776,-1.2963194465124888,2.4706223446912357,-1.0496289224766413,-0.024387233029451755,-0.3737298449660204,-1.618345487476726,2,2.4,False,True,False,False
-1.1435264927178914,-1.25407663440357,-1.053174870969427,0.9559319544041948,-0.519591972470161,-0.5669199651048434,-0.6457152563124398,-1.1069946546033098,3,3.1,False,False,False,True
-1.1435264927178914,-1.25407663440357,-1.053174870969427,0.9559319544041948,-0.519591972470161,-0.5669199651048434,-0.6457152563124398,0.01797717771820604,3,3.7,True,False,False,False
-1.1435264927178914,-1.25407663440357,-1.053174870969427,0.9559319544041948,-0.519591972470161,-0.5669199651048434,-0.6457152563124398,1.4497595097637719,3,3.7,False,False,True,False
-1.1435264927178914,-1.25407663440357,-1.053174870969427,0.9559319544041948,-0.519591972470161,-0.5669199651048434,-0.6457152563124398,1.1429490100397213,3,4.1,False,True,False,False
-0.6819216793350373,-0.5278913878570002,-0.7689599656947128,1.7082854853183396,-0.28746163436061234,-0.9759278165551749,-1.018104257997451,1.0406788434650385,4,4.5,False,False,False,True
-0.6819216793350373,-0.5278913878570002,-0.7689599656947128,1.7082854853183396,-0.28746163436061234,-0.9759278165551749,-1.018104257997451,-0.3911034885805273,4,4.0,True,False,False,False
-0.6819216793350373,-0.5278913878570002,-0.7689599656947128,1.7082854853183396,-0.28746163436061234,-0.9759278165551749,-1.018104257997451,-0.6979139883045768,4,3.0,False,False,True,False
-0.6819216793350373,-0.5278913878570002,-0.7689599656947128,1.7082854853183396,-0.28746163436061234,-0.9759278165551749,-1.018104257997451,1.5520296763384547,4,2.3,False,True,False,False
-0.10036174252306446,0.07349410699688928,-0.21049027897291725,0.808905648412842,-0.2224989109252267,-0.7561608504181238,-0.7687096586947708,-0.4933736551552102,5,4.8,False,False,False,True
-0.10036174252306446,0.07349410699688928,-0.21049027897291725,0.808905648412842,-0.2224989109252267,-0.7561608504181238,-0.7687096586947708,-1.5160753209020426,5,2.4,True,False,False,False
-0.10036174252306446,0.07349410699688928,-0.21049027897291725,0.808905648412842,-0.2224989109252267,-0.7561608504181238,-0.7687096586947708,1.6542998429131375,5,4.6,False,False,True,False
-0.10036174252306446,0.07349410699688928,-0.21049027897291725,0.808905648412842,-0.2224989109252267,-0.7561608504181238,-0.7687096586947708,1.4497595097637719,5,4.8,False,True,False,False
0.825730273454476,0.7553004944732552,0.8562581013821748,0.1033867854465535,1.2773754571888671,-0.3375925016216844,-0.305956324317327,-1.3115349877526759,6,4.4,False,False,False,True
0.825730273454476,0.7553004944732552,0.8562581013821748,0.1033867854465535,1.2773754571888671,-0.3375925016216844,-0.305956324317327,0.6315981771663052,6,3.8,True,False,False,False
0.825730273454476,0.7553004944732552,0.8562581013821748,0.1033867854465535,1.2773754571888671,-0.3375925016216844,-0.305956324317327,1.1429490100397213,6,3.6,False,False,True,False
0.825730273454476,0.7553004944732552,0.8562581013821748,0.1033867854465535,1.2773754571888671,-0.3375925016216844,-0.305956324317327,-1.618345487476726,6,4.9,False,True,False,False
1.5894261161099728,1.534702730739299,1.597562142526294,-0.28433028229557517,1.632198569278403,-0.46499992977055926,-0.311391058224169,-1.1069946546033098,7,2.5,False,False,False,True
1.5894261161099728,1.534702730739299,1.597562142526294,-0.28433028229557517,1.632198569278403,-0.46499992977055926,-0.311391058224169,-1.3115349877526759,7,3.4,True,False,False,False
1.5894261161099728,1.534702730739299,1.597562142526294,-0.28433028229557517,1.632198569278403,-0.46499992977055926,-0.311391058224169,-1.4138051543273593,7,3.0,False,False,True,False
1.5894261161099728,1.534702730739299,1.597562142526294,-0.28433028229557517,1.632198569278403,-0.46499992977055926,-0.311391058224169,1.6542998429131375,7,4.4,False,True,False,False
1.5157948126924627,1.4000311890075972,1.5644560536255672,-0.2645169289697141,1.5295715375985297,-1.3872450959778624,-1.2452063839600511,-1.4138051543273593,8,4.5,False,False,False,True
1.5157948126924627,1.4000311890075972,1.5644560536255672,-0.2645169289697141,1.5295715375985297,-1.3872450959778624,-1.2452063839600511,0.9384086768903556,8,4.6,True,False,False,False
1.5157948126924627,1.4000311890075972,1.5644560536255672,-0.2645169289697141,1.5295715375985297,-1.3872450959778624,-1.2452063839600511,-0.8001841548792598,8,2.0,False,False,True,False
1.5157948126924627,1.4000311890075972,1.5644560536255672,-0.2645169289697141,1.5295715375985297,-1.3872450959778624,-1.2452063839600511,-0.3911034885805273,8,3.7,False,True,False,False
0.9050854746865693,0.7697484447052323,0.9759225791120251,-1.1078325401742684,0.8671425034976448,-0.8254401734082026,-0.7256532309259084,0.32478767744225556,9,4.9,False,False,False,True
0.9050854746865693,0.7697484447052323,0.9759225791120251,-1.1078325401742684,0.8671425034976448,-0.8254401734082026,-0.7256532309259084,-1.618345487476726,9,3.4,True,False,False,False
0.9050854746865693,0.7697484447052323,0.9759225791120251,-1.1078325401742684,0.8671425034976448,-0.8254401734082026,-0.7256532309259084,-1.3115349877526759,9,4.8,False,False,True,False
0.9050854746865693,0.7697484447052323,0.9759225791120251,-1.1078325401742684,0.8671425034976448,-0.8254401734082026,-0.7256532309259084,1.5520296763384547,9,3.7,False,True,False,False
0.18614874118172925,0.27834786124675714,0.12351605084539613,-1.9938176230055882,-0.38741510991354194,-1.2533137447778913,-1.290635615434385,0.9384086768903556,10,3.7,False,False,False,True
0.18614874118172925,0.27834786124675714,0.12351605084539613,-1.9938176230055882,-0.38741510991354194,-1.2533137447778913,-1.290635615434385,1.4497595097637719,10,2.3,True,False,False,False
0.18614874118172925,0.27834786124675714,0.12351605084539613,-1.9938176230055882,-0.38741510991354194,-1.2533137447778913,-1.290635615434385,-0.08429298885647685,10,4.8,False,False,True,False
0.18614874118172925,0.27834786124675714,0.12351605084539613,-1.9938176230055882,-0.38741510991354194,-1.2533137447778913,-1.290635615434385,-0.18656315543116064,10,4.2,False,True,False,False
-0.9366974650257149,-0.7948008807601855,-1.0116970244523869,-0.9266318597980201,-1.2503264569066685,-1.4359582737023164,-1.3927570332323835,-0.6979139883045768,11,3.9,False,False,False,True
-0.9366974650257149,-0.7948008807601855,-1.0116970244523869,-0.9266318597980201,-1.2503264569066685,-1.4359582737023164,-1.3927570332323835,0.9384086768903556,11,2.5,True,False,False,False
-0.9366974650257149,-0.7948008807601855,-1.0116970244523869,-0.9266318597980201,-1.2503264569066685,-1.4359582737023164,-1.3927570332323835,0.733868343740989,11,3.2,False,False,True,False
-0.9366974650257149,-0.7948008807601855,-1.0116970244523869,-0.9266318597980201,-1.2503264569066685,-1.4359582737023164,-1.3927570332323835,0.2225175108675727,11,4.0,False,True,False,False
-1.2503146333314614,-1.243659775927019,-1.2320366849566542,-2.434530530758109,-1.1618082968581052,0.5627025503036365,0.5312233380489285,-1.209264821177993,12,4.6,False,False,False,True
-1.2503146333314614,-1.243659775927019,-1.2320366849566542,-2.434530530758109,-1.1618082968581052,0.5627025503036365,0.5312233380489285,-1.209264821177993,12,3.0,True,False,False,False
-1.2503146333314614,-1.243659775927019,-1.2320366849566542,-2.434530530758109,-1.1618082968581052,0.5627025503036365,0.5312233380489285,-0.595643821729893,12,4.4,False,False,True,False
-1.2503146333314614,-1.243659775927019,-1.2320366849566542,-2.434530530758109,-1.1618082968581052,0.5627025503036365,0.5312233380489285,-1.4138051543273593,12,3.2,False,True,False,False
-1.5700697077221653,-1.8317782440823007,-1.3752868830238525,-1.1122820044340842,-0.6948271600186097,0.03531752788878814,0.006914093935048521,-0.595643821729893,1,4.2,False,False,False,True
-1.5700697077221653,-1.8317782440823007,-1.3752868830238525,-1.1122820044340842,-0.6948271600186097,0.03531752788878814,0.006914093935048521,0.9384086768903556,1,4.7,True,False,False,False
-1.5700697077221653,-1.8317782440823007,-1.3752868830238525,-1.1122820044340842,-0.6948271600186097,0.03531752788878814,0.006914093935048521,1.4497595097637719,1,3.7,False,False,True,False
-1.5700697077221653,-1.8317782440823007,-1.3752868830238525,-1.1122820044340842,-0.6948271600186097,0.03531752788878814,0.006914093935048521,1.2452191766144052,1,4.8,False,True,False,False
-0.9849478993054765,-0.9413263043954506,-0.9949769939354369,1.3511223408530713,-0.7726953197960844,-0.32597915708629127,-0.5553100872339133,1.0406788434650385,2,4.1,False,False,False,True
-0.9849478993054765,-0.9413263043954506,-0.9949769939354369,1.3511223408530713,-0.7726953197960844,-0.32597915708629127,-0.5553100872339133,1.5520296763384547,2,2.0,True,False,False,False
-0.9849478993054765,-0.9413263043954506,-0.9949769939354369,1.3511223408530713,-0.7726953197960844,-0.32597915708629127,-0.5553100872339133,0.12024734429288891,2,4.4,False,False,True,False
-0.9849478993054765,-0.9413263043954506,-0.9949769939354369,1.3511223408530713,-0.7726953197960844,-0.32597915708629127,-0.5553100872339133,-1.618345487476726,2,2.8,False,True,False,False
-0.7134033614448315,-0.8798895745907916,-0.5945207516938504,0.5262725553420873,-0.1791591589726661,-0.23653955663146065,-0.3050379549302903,-0.6979139883045768,3,4.1,False,False,False,True
-0.7134033614448315,-0.8798895745907916,-0.5945207516938504,0.5262725553420873,-0.1791591589726661,-0.23653955663146065,-0.3050379549302903,0.01797717771820604,3,2.8,True,False,False,False
-0.7134033614448315,-0.8798895745907916,-0.5945207516938504,0.5262725553420873,-0.1791591589726661,-0.23653955663146065,-0.3050379549302903,-0.2888333220058435,3,4.6,False,False,True,False
-0.7134033614448315,-0.8798895745907916,-0.5945207516938504,0.5262725553420873,-0.1791591589726661,-0.23653955663146065,-0.3050379549302903,0.2225175108675727,3,4.9,False,True,False,False
-0.11475887509477806,-0.4710554886027041,0.11581960713659885,0.25979977479114896,0.972027204795826,-0.5876422288266032,-0.4967059792541992,0.12024734429288891,4,3.2,False,False,False,True
-0.11475887509477806,-0.4710554886027041,0.11581960713659885,0.25979977479114896,0.972027204795826,-0.5876422288266032,-0.4967059792541992,0.6315981771663052,4,2.8,True,False,False,False
-0.11475887509477806,-0.4710554886027041,0.11581960713659885,0.25979977479114896,0.972027204795826,-0.5876422288266032,-0.4967059792541992,-0.4933736551552102,4,2.8,False,False,True,False
-0.11475887509477806,-0.4710554886027041,0.11581960713659885,0.25979977479114896,0.972027204795826,-0.5876422288266032,-0.4967059792541992,1.0406788434650385,4,4.7,False,True,False,False
0.43549781910129515,0.41055441480349847,0.4446768979446923,-0.20487556337028434,0.3251579546571307,-0.5741562665164964,-0.6266140117556408,-0.4933736551552102,5,5.0,False,False,False,True
0.43549781910129515,0.41055441480349847,0.4446768979446923,-0.20487556337028434,0.3251579546571307,-0.5741562665164964,-0.6266140117556408,-0.18656315543116064,5,4.8,True,False,False,False
0.43549781910129515,0.41055441480349847,0.4446768979446923,-0.20487556337028434,0.3251579546571307,-0.5741562665164964,-0.6266140117556408,-0.3911034885805273,5,3.6,False,False,True,False
0.43549781910129515,0.41055441480349847,0.4446768979446923,-0.20487556337028434,0.3251579546571307,-0.5741562665164964,-0.6266140117556408,0.8361385103156718,5,2.8,False,True,False,False
1.3752924382090126,1.4090961176795782,1.32958639726675,0.09045198421744106,1.1234411636015176,-0.41382823798047236,-0.3291392105942762,1.347489343189088,6,4.8,False,False,False,True
1.3752924382090126,1.4090961176795782,1.32958639726675,0.09045198421744106,1.1234411636015176,-0.41382823798047236,-0.3291392105942762,-0.8001841548792598,6,4.5,True,False,False,False
1.3752924382090126,1.4090961176795782,1.32958639726675,0.09045198421744106,1.1234411636015176,-0.41382823798047236,-0.3291392105942762,0.32478767744225556,6,4.5,False,False,True,False
1.3752924382090126,1.4090961176795782,1.32958639726675,0.09045198421744106,1.1234411636015176,-0.41382823798047236,-0.3291392105942762,0.2225175108675727,6,4.6,False,True,False,False
1.3904448781324983,1.2819461426701204,1.4361760029959052,0.25809686602203613,1.7176585563536901,-0.37797443903283956,-0.25966463635624715,1.347489343189088,7,2.3,False,False,False,True
1.3904448781324983,1.2819461426701204,1.4361760029959052,0.25809686602203613,1.7176585563536901,-0.37797443903283956,-0.25966463635624715,-1.5160753209020426,7,2.6,True,False,False,False
1.3904448781324983,1.2819461426701204,1.4361760029959052,0.25809686602203613,1.7176585563536901,-0.37797443903283956,-0.25966463635624715,-0.4933736551552102,7,3.9,False,False,True,False
1.3904448781324983,1.2819461426701204,1.4361760029959052,0.25809686602203613,1.7176585563536901,-0.37797443903283956,-0.25966463635624715,0.5293280105916223,7,3.6,False,True,False,False
1.3753840356301832,1.249452815249853,1.4326210239761104,-0.06578557901592244,1.3424226087124727,-0.2999995993318632,-0.18040810021490003,-0.9024543214539436,8,3.3,False,False,False,True
1.3753840356301832,1.249452815249853,1.4326210239761104,-0.06578557901592244,1.3424226087124727,-0.2999995993318632,-0.18040810021490003,-0.6979139883045768,8,4.0,True,False,False,False
1.3753840356301832,1.249452815249853,1.4326210239761104,-0.06578557901592244,1.3424226087124727,-0.2999995993318632,-0.18040810021490003,0.733868343740989,8,4.4,False,False,True,False
1.3753840356301832,1.249452815249853,1.4326210239761104,-0.06578557901592244,1.3424226087124727,-0.2999995993318632,-0.18040810021490003,0.01797717771820604,8,2.9,False,True,False,False
0.6979912246107034,0.4652873146376931,0.8352369595550937,-0.9659279372162874,1.193428921769066,-0.14725386446158523,-0.05519116004662626,0.8361385103156718,9,3.0,False,False,False,True
0.6979912246107034,0.4652873146376931,0.8352369595550937,-0.9659279372162874,1.193428921769066,-0.14725386446158523,-0.05519116004662626,1.6542998429131375,9,3.6,True,False,False,False
0.6979912246107034,0.4652873146376931,0.8352369595550937,-0.9659279372162874,1.193428921769066,-0.14725386446158523,-0.05519116004662626,-0.595643821729893,9,2.4,False,False,True,False
0.6979912246107034,0.4652873146376931,0.8352369595550937,-0.9659279372162874,1.193428921769066,-0.14725386446158523,-0.05519116004662626,0.12024734429288891,9,4.8,False,True,False,False
0.4569245847231443,0.1997985160250715,0.6133374677881619,-1.3151614702319605,0.4429820422164732,0.1639675745599545,0.26665747216755514,-1.3115349877526759,10,5.0,False,False,False,True
0.4569245847231443,0.1997985160250715,0.6133374677881619,-1.3151614702319605,0.4429820422164732,0.1639675745599545,0.26665747216755514,0.5293280105916223,10,3.1,True,False,False,False
0.4569245847231443,0.1997985160250715,0.6133374677881619,-1.3151614702319605,0.4429820422164732,0.1639675745599545,0.26665747216755514,-0.8001841548792598,10,4.2,False,False,True,False
0.4569245847231443,0.1997985160250715,0.6133374677881619,-1.3151614702319605,0.4429820422164732,0.1639675745599545,0.26665747216755514,1.1429490100397213,10,4.7,False,True,False,False
-0.8391396688058834,-1.015564333628205,-0.7111106679699924,-1.03585907017719,-0.24258028805649245,-0.07781982948797275,-0.09347542177690883,-1.0047244880286264,11,2.0,False,False,False,True
-0.8391396688058834,-1.015564333628205,-0.7111106679699924,-1.03585907017719,-0.24258028805649245,-0.07781982948797275,-0.09347542177690883,1.1429490100397213,11,2.9,True,False,False,False
-0.8391396688058834,-1.015564333628205,-0.7111106679699924,-1.03585907017719,-0.24258028805649245,-0.07781982948797275,-0.09347542177690883,0.6315981771663052,11,4.1,False,False,True,False
-0.8391396688058834,-1.015564333628205,-0.7111106679699924,-1.03585907017719,-0.24258028805649245,-0.07781982948797275,-0.09347542177690883,-1.3115349877526759,11,2.4,False,True,False,False
-1.398599921201457,-1.4295457960634232,-1.354199555968643,0.21333381592807948,-1.0967986689292644,0.4702551077793541,0.1472275171778653,0.8361385103156718,12,3.6,False,False,False,True
-1.398599921201457,-1.4295457960634232,-1.354199555968643,0.21333381592807948,-1.0967986689292644,0.4702551077793541,0.1472275171778653,1.347489343189088,12,2.5,True,False,False,False
-1.398599921201457,-1.4295457960634232,-1.354199555968643,0.21333381592807948,-1.0967986689292644,0.4702551077793541,0.1472275171778653,1.0406788434650385,12,3.4,False,False,True,False
-1.398599921201457,-1.4295457960634232,-1.354199555968643,0.21333381592807948,-1.0967986689292644,0.4702551077793541,0.1472275171778653,0.6315981771663052,12,3.6,False,True,False,False
-1.3623232410407566,-1.311068869722393,-1.3714489324299068,-0.392034890153153,-1.2755985979803044,0.2709720082621678,0.15280482898039935,-1.5160753209020426,1,2.6,False,False,False,True
-1.3623232410407566,-1.311068869722393,-1.3714489324299068,-0.392034890153153,-1.2755985979803044,0.2709720082621678,0.15280482898039935,-0.2888333220058435,1,3.1,True,False,False,False
-1.3623232410407566,-1.311068869722393,-1.3714489324299068,-0.392034890153153,-1.2755985979803044,0.2709720082621678,0.15280482898039935,-0.595643821729893,1,4.5,False,False,True,False
-1.3623232410407566,-1.311068869722393,-1.3714489324299068,-0.392034890153153,-1.2755985979803044,0.2709720082621678,0.15280482898039935,-0.595643821729893,1,2.2,False,True,False,False
-1.562759526234446,-1.7198086745398855,-1.4347176227054863,-0.2833281114508921,-0.7307359000794894,-0.5988880821699207,-0.6505332509603419,0.733868343740989,2,3.2,False,False,False,True
-1.562759526234446,-1.7198086745398855,-1.4347176227054863,-0.2833281114508921,-0.7307359000794894,-0.5988880821699207,-0.6505332509603419,0.42705784401693936,2,4.6,True,False,False,False
-1.562759526234446,-1.7198086745398855,-1.4347176227054863,-0.2833281114508921,-0.7307359000794894,-0.5988880821699207,-0.6505332509603419,0.9384086768903556,2,2.7,False,False,True,False
-1.562759526234446,-1.7198086745398855,-1.4347176227054863,-0.2833281114508921,-0.7307359000794894,-0.5988880821699207,-0.6505332509603419,1.1429490100397213,2,3.5,False,True,False,False
-1.161540326708697,-0.9736116232202743,-1.2634726867236665,3.3643646145016963,-0.9483928516371626,-1.4087781911405943,-1.8557822440874152,-1.5160753209020426,3,4.7,False,False,False,True
-1.161540326708697,-0.9736116232202743,-1.2634726867236665,3.3643646145016963,-0.9483928516371626,-1.4087781911405943,-1.8557822440874152,1.347489343189088,3,4.3,True,False,False,False
-1.161540326708697,-0.9736116232202743,-1.2634726867236665,3.3643646145016963,-0.9483928516371626,-1.4087781911405943,-1.8557822440874152,-0.3911034885805273,3,3.9,False,False,True,False
-1.161540326708697,-0.9736116232202743,-1.2634726867236665,3.3643646145016963,-0.9483928516371626,-1.4087781911405943,-1.8557822440874152,1.6542998429131375,3,2.1,False,True,False,False
-0.47242685420091873,-0.3581768480267201,-0.5381131822498672,1.0043353458586306,-0.4036878421762494,-0.9911008427220968,-1.123597223682097,0.733868343740989,4,4.8,False,False,False,True
-0.47242685420091873,-0.3581768480267201,-0.5381131822498672,1.0043353458586306,-0.4036878421762494,-0.9911008427220968,-1.123597223682097,0.12024734429288891,4,3.5,True,False,False,False
-0.47242685420091873,-0.3581768480267201,-0.5381131822498672,1.0043353458586306,-0.4036878421762494,-0.9911008427220968,-1.123597223682097,-0.9024543214539436,4,2.4,False,False,True,False
-0.47242685420091873,-0.3581768480267201,-0.5381131822498672,1.0043353458586306,-0.4036878421762494,-0.9911008427220968,-1.123597223682097,-0.4933736551552102,4,2.2,False,True,False,False
0.0006024426548703781,0.058351081248569706,-0.036954988734412254,-0.42568953002346555,0.2080843389930706,-0.7310764119969927,-0.5925211208123017,0.733868343740989,5,2.2,False,False,False,True
0.0006024426548703781,0.058351081248569706,-0.036954988734412254,-0.42568953002346555,0.2080843389930706,-0.7310764119969927,-0.5925211208123017,1.5520296763384547,5,4.9,True,False,False,False
0.0006024426548703781,0.058351081248569706,-0.036954988734412254,-0.42568953002346555,0.2080843389930706,-0.7310764119969927,-0.5925211208123017,-0.08429298885647685,5,2.7,False,False,True,False
0.0006024426548703781,0.058351081248569706,-0.036954988734412254,-0.42568953002346555,0.2080843389930706,-0.7310764119969927,-0.5925211208123017,-0.6979139883045768,5,4.8,False,True,False,False
0.7772344191881246,1.0236819992865172,0.6058153382680159,-0.5177673314725271,0.284266617262929,-0.6223047455010247,-0.47233144929009496,-1.3115349877526759,6,3.9,False,False,False,True
0.7772344191881246,1.0236819992865172,0.6058153382680159,-0.5177673314725271,0.284266617262929,-0.6223047455010247,-0.47233144929009496,0.5293280105916223,6,3.6,True,False,False,False
0.7772344191881246,1.0236819992865172,0.6058153382680159,-0.5177673314725271,0.284266617262929,-0.6223047455010247,-0.47233144929009496,1.6542998429131375,6,2.0,False,False,True,False
0.7772344191881246,1.0236819992865172,0.6058153382680159,-0.5177673314725271,0.284266617262929,-0.6223047455010247,-0.47233144929009496,1.1429490100397213,6,3.8,False,True,False,False
1.1838819516905246,1.2239708348811102,1.1373722881669153,-0.537719158665537,1.3075256655818381,-0.5031223689858371,-0.3493838739617465,0.42705784401693936,7,3.0,False,False,False,True
1.1838819516905246,1.2239708348811102,1.1373722881669153,-0.537719158665537,1.3075256655818381,-0.5031223689858371,-0.3493838739617465,-0.6979139883045768,7,3.3,True,False,False,False
1.1838819516905246,1.2239708348811102,1.1373722881669153,-0.537719158665537,1.3075256655818381,-0.5031223689858371,-0.3493838739617465,0.733868343740989,7,4.0,False,False,True,False
1.1838819516905246,1.2239708348811102,1.1373722881669153,-0.537719158665537,1.3075256655818381,-0.5031223689858371,-0.3493838739617465,1.347489343189088,7,2.4,False,True,False,False
1.5685266703967822,1.4359806147724545,1.6265064884295992,-0.9395983819129979,1.5170949423394593,-0.3026578325035002,-0.1746840170491562,-0.2888333220058435,8,2.5,False,False,False,True
1.5685266703967822,1.4359806147724545,1.6265064884295992,-0.9395983819129979,1.5170949423394593,-0.3026578325035002,-0.1746840170491562,-1.4138051543273593,8,3.9,True,False,False,False
1.5685266703967822,1.4359806147724545,1.6265064884295992,-0.9395983819129979,1.5170949423394593,-0.3026578325035002,-0.1746840170491562,0.9384086768903556,8,3.9,False,False,True,False
1.5685266703967822,1.4359806147724545,1.6265064884295992,-0.9395983819129979,1.5170949423394593,-0.3026578325035002,-0.1746840170491562,-1.0047244880286264,8,3.1,False,True,False,False
1.3106494624285094,1.246392801243909,1.3286428416312628,-2.2616331989354483,0.7797062737647809,2.608525212780978,2.6849537770617355,-0.595643821729893,9,3.2,False,False,False,True
1.3106494624285094,1.246392801243909,1.3286428416312628,-2.2616331989354483,0.7797062737647809,2.608525212780978,2.6849537770617355,-0.8001841548792598,9,4.4,True,False,False,False
1.3106494624285094,1.246392801243909,1.3286428416312628,-2.2616331989354483,0.7797062737647809,2.608525212780978,2.6849537770617355,0.8361385103156718,9,3.4,False,False,True,False
1.3106494624285094,1.246392801243909,1.3286428416312628,-2.2616331989354483,0.7797062737647809,2.608525212780978,2.6849537770617355,-1.1069946546033098,9,3.4,False,True,False,False
-0.04589838462372057,-0.03355692044535981,-0.05299638570266251,-0.17514333304077392,-0.28197380862635957,1.082450426622237,0.9531071379695517,1.4497595097637719,10,3.7,False,False,False,True
-0.04589838462372057,-0.03355692044535981,-0.05299638570266251,-0.17514333304077392,-0.28197380862635957,1.082450426622237,0.9531071379695517,1.4497595097637719,10,3.5,True,False,False,False
-0.04589838462372057,-0.03355692044535981,-0.05299638570266251,-0.17514333304077392,-0.28197380862635957,1.082450426622237,0.9531071379695517,1.5520296763384547,10,4.4,False,False,True,False
-0.04589838462372057,-0.03355692044535981,-0.05299638570266251,-0.17514333304077392,-0.28197380862635957,1.082450426622237,0.9531071379695517,1.2452191766144052,10,2.9,False,True,False,False
-0.812957356474443,-0.48036150329178795,-1.0118493693727,0.23153082744783246,-1.509533195604761,-0.7551341254364918,-0.9954196954441957,1.347489343189088,11,4.6,False,False,False,True
-0.812957356474443,-0.48036150329178795,-1.0118493693727,0.23153082744783246,-1.509533195604761,-0.7551341254364918,-0.9954196954441957,-0.18656315543116064,11,3.6,True,False,False,False
-0.812957356474443,-0.48036150329178795,-1.0118493693727,0.23153082744783246,-1.509533195604761,-0.7551341254364918,-0.9954196954441957,-0.595643821729893,11,2.7,False,False,True,False
-0.812957356474443,-0.48036150329178795,-1.0118493693727,0.23153082744783246,-1.509533195604761,-0.7551341254364918,-0.9954196954441957,1.2452191766144052,11,4.3,False,True,False,False
-1.0379189627887082,-1.0740482423065083,-0.9975317210943822,-1.309451710775985,-1.0395751869139787,0.5585675209255575,0.5864932399718142,0.12024734429288891,12,4.5,False,False,False,True
-1.0379189627887082,-1.0740482423065083,-0.9975317210943822,-1.309451710775985,-1.0395751869139787,0.5585675209255575,0.5864932399718142,1.347489343189088,12,4.0,True,False,False,False
-1.0379189627887082,-1.0740482423065083,-0.9975317210943822,-1.309451710775985,-1.0395751869139787,0.5585675209255575,0.5864932399718142,-0.18656315543116064,12,2.0,False,False,True,False
-1.0379189627887082,-1.0740482423065083,-0.9975317210943822,-1.309451710775985,-1.0395751869139787,0.5585675209255575,0.5864932399718142,-1.5160753209020426,12,2.1,False,True,False,False
-1.5267118047510178,-1.7217303913174113,-1.3755647024544964,-0.03505292074754467,-0.7442644961203401,0.018186691893874864,-0.023069198838002396,-0.4933736551552102,1,3.7,False,False,False,True
-1.5267118047510178,-1.7217303913174113,-1.3755647024544964,-0.03505292074754467,-0.7442644961203401,0.018186691893874864,-0.023069198838002396,0.5293280105916223,1,3.4,True,False,False,False
-1.5267118047510178,-1.7217303913174113,-1.3755647024544964,-0.03505292074754467,-0.7442644961203401,0.018186691893874864,-0.023069198838002396,-1.3115349877526759,1,4.8,False,False,True,False
-1.5267118047510178,-1.7217303913174113,-1.3755647024544964,-0.03505292074754467,-0.7442644961203401,0.018186691893874864,-0.023069198838002396,1.1429490100397213,1,2.0,False,True,False,False
-0.9833164510245795,-1.345037070827044,-0.7347146529391574,-1.2107206713796477,0.1585129900528968,0.3057942600364755,0.2965449142544439,1.1429490100397213,2,3.0,False,False,False,True
-0.9833164510245795,-1.345037070827044,-0.7347146529391574,-1.2107206713796477,0.1585129900528968,0.3057942600364755,0.2965449142544439,-1.618345487476726,2,4.5,True,False,False,False
-0.9833164510245795,-1.345037070827044,-0.7347146529391574,-1.2107206713796477,0.1585129900528968,0.3057942600364755,0.2965449142544439,0.01797717771820604,2,4.9,False,False,True,False
-0.9833164510245795,-1.345037070827044,-0.7347146529391574,-1.2107206713796477,0.1585129900528968,0.3057942600364755,0.2965449142544439,-0.6979139883045768,2,2.5,False,True,False,False
-0.7404812387544781,-1.1466286682658113,-0.46685063559166456,0.1353370377185762,0.6163410500267162,0.14711100071765404,0.09554302998518005,0.9384086768903556,3,4.6,False,False,False,True
-0.7404812387544781,-1.1466286682658113,-0.46685063559166456,0.1353370377185762,0.6163410500267162,0.14711100071765404,0.09554302998518005,-1.3115349877526759,3,4.1,True,False,False,False
-0.7404812387544781,-1.1466286682658113,-0.46685063559166456,0.1353370377185762,0.6163410500267162,0.14711100071765404,0.09554302998518005,0.2225175108675727,3,2.7,False,False,True,False
-0.7404812387544781,-1.1466286682658113,-0.46685063559166456,0.1353370377185762,0.6163410500267162,0.14711100071765404,0.09554302998518005,0.12024734429288891,3,4.8,False,True,False,False
-0.6044736184392612,-0.626063848838941,-0.5799515202849013,1.1888510991176722,-0.17317414560778885,-0.973486180160476,-1.1018443098296749,-1.618345487476726,4,2.3,False,False,False,True
-0.6044736184392612,-0.626063848838941,-0.5799515202849013,1.1888510991176722,-0.17317414560778885,-0.973486180160476,-1.1018443098296749,-0.3911034885805273,4,3.6,True,False,False,False
-0.6044736184392612,-0.626063848838941,-0.5799515202849013,1.1888510991176722,-0.17317414560778885,-0.973486180160476,-1.1018443098296749,-1.0047244880286264,4,3.2,False,False,True,False
-0.6044736184392612,-0.626063848838941,-0.5799515202849013,1.1888510991176722,-0.17317414560778885,-0.973486180160476,-1.1018443098296749,-0.2888333220058435,4,3.6,False,True,False,False
0.23634080782093475,-0.023295869681064785,0.3983385192431965,1.21590901476182,1.332103620152339,-0.5318987979231099,-0.4310097192522905,-0.8001841548792598,5,4.0,False,False,False,True
0.23634080782093475,-0.023295869681064785,0.3983385192431965,1.21590901476182,1.332103620152339,-0.5318987979231099,-0.4310097192522905,-1.0047244880286264,5,4.5,True,False,False,False
0.23634080782093475,-0.023295869681064785,0.3983385192431965,1.21590901476182,1.332103620152339,-0.5318987979231099,-0.4310097192522905,-0.08429298885647685,5,2.1,False,False,True,False
0.23634080782093475,-0.023295869681064785,0.3983385192431965,1.21590901476182,1.332103620152339,-0.5318987979231099,-0.4310097192522905,-1.209264821177993,5,4.3,False,True,False,False
0.6768522389464134,0.5744538645730198,0.7306718291691846,0.8914263129605412,0.8193530785993056,-0.6982788779604039,-0.6364966168794292,-1.3115349877526759,6,4.2,False,False,False,True
0.6768522389464134,0.5744538645730198,0.7306718291691846,0.8914263129605412,0.8193530785993056,-0.6982788779604039,-0.6364966168794292,0.8361385103156718,6,2.5,True,False,False,False
0.6768522389464134,0.5744538645730198,0.7306718291691846,0.8914263129605412,0.8193530785993056,-0.6982788779604039,-0.6364966168794292,1.2452191766144052,6,4.4,False,False,True,False
0.6768522389464134,0.5744538645730198,0.7306718291691846,0.8914263129605412,0.8193530785993056,-0.6982788779604039,-0.6364966168794292,-1.209264821177993,6,2.9,False,True,False,False
1.4729411482871708,1.412947041310594,1.485936197623477,-0.2368038550290165,1.2215028245850899,0.8127382127827795,0.9167008507772918,1.5520296763384547,7,2.5,False,False,False,True
1.4729411482871708,1.412947041310594,1.485936197623477,-0.2368038550290165,1.2215028245850899,0.8127382127827795,0.9167008507772918,0.12024734429288891,7,4.0,True,False,False,False
1.4729411482871708,1.412947041310594,1.485936197623477,-0.2368038550290165,1.2215028245850899,0.8127382127827795,0.9167008507772918,-1.5160753209020426,7,3.9,False,False,True,False
1.4729411482871708,1.412947041310594,1.485936197623477,-0.2368038550290165,1.2215028245850899,0.8127382127827795,0.9167008507772918,0.5293280105916223,7,3.7,False,True,False,False
1.3788970603920376,1.3887313077462184,1.3478960055979978,-0.6185586162623106,0.9139031565062017,0.25474834707977734,0.3865696759221553,1.4497595097637719,8,3.2,False,False,False,True
1.3788970603920376,1.3887313077462184,1.3478960055979978,-0.6185586162623106,0.9139031565062017,0.25474834707977734,0.3865696759221553,0.9384086768903556,8,2.5,True,False,False,False
1.3788970603920376,1.3887313077462184,1.3478960055979978,-0.6185586162623106,0.9139031565062017,0.25474834707977734,0.3865696759221553,0.733868343740989,8,4.7,False,False,True,False
1.3788970603920376,1.3887313077462184,1.3478960055979978,-0.6185586162623106,0.9139031565062017,0.25474834707977734,0.3865696759221553,-0.3911034885805273,8,2.4,False,True,False,False
0.8246253429421649,0.8042525572120047,0.8232164539071589,-0.3351105404315979,0.5555903501036031,3.0897891864318603,3.174163232086489,0.6315981771663052,9,4.7,False,False,False,True
0.8246253429421649,0.8042525572120047,0.8232164539071589,-0.3351105404315979,0.5555903501036031,3.0897891864318603,3.174163232086489,0.2225175108675727,9,4.5,True,False,False,False
0.8246253429421649,0.8042525572120047,0.8232164539071589,-0.3351105404315979,0.5555903501036031,3.0897891864318603,3.174163232086489,0.2225175108675727,9,3.0,False,False,True,False
0.8246253429421649,0.8042525572120047,0.8232164539071589,-0.3351105404315979,0.5555903501036031,3.0897891864318603,3.174163232086489,-0.4933736551552102,9,3.8,False,True,False,False
0.12989249559294472,0.25941722420764024,0.04497360467562217,-0.9260926047382881,-0.4597418388213869,1.3249192666339962,1.3100760606696442,0.8361385103156718,10,3.2,False,False,False,True
0.12989249559294472,0.25941722420764024,0.04497360467562217,-0.9260926047382881,-0.4597418388213869,1.3249192666339962,1.3100760606696442,1.1429490100397213,10,2.3,True,False,False,False
0.12989249559294472,0.25941722420764024,0.04497360467562217,-0.9260926047382881,-0.4597418388213869,1.3249192666339962,1.3100760606696442,-1.209264821177993,10,4.7,False,False,True,False
0.12989249559294472,0.25941722420764024,0.04497360467562217,-0.9260926047382881,-0.4597418388213869,1.3249192666339962,1.3100760606696442,-1.3115349877526759,10,3.6,False,True,False,False
-0.8821532514070435,-0.45383845535996253,-1.141131234491352,2.551657218090196,-1.8493906473158725,-0.9228222249709332,-1.207575604251752,1.6542998429131375,11,3.1,False,False,False,True
-0.8821532514070435,-0.45383845535996253,-1.141131234491352,2.551657218090196,-1.8493906473158725,-0.9228222249709332,-1.207575604251752,0.5293280105916223,11,2.6,True,False,False,False
-0.8821532514070435,-0.45383845535996253,-1.141131234491352,2.551657218090196,-1.8493906473158725,-0.9228222249709332,-1.207575604251752,1.6542998429131375,11,4.5,False,False,True,False
-0.8821532514070435,-0.45383845535996253,-1.141131234491352,2.551657218090196,-1.8493906473158725,-0.9228222249709332,-1.207575604251752,1.2452191766144052,11,3.5,False,True,False,False
-1.0415369632731195,-0.8918162839932531,-1.1188528111210827,1.0414380423255634,-1.396518382107687,-0.16556895036683691,-0.38119132510633247,0.6315981771663052,12,3.2,False,False,False,True
-1.0415369632731195,-0.8918162839932531,-1.1188528111210827,1.0414380423255634,-1.396518382107687,-0.16556895036683691,-0.38119132510633247,-1.618345487476726,12,2.6,True,False,False,False
-1.0415369632731195,-0.8918162839932531,-1.1188528111210827,1.0414380423255634,-1.396518382107687,-0.16556895036683691,-0.38119132510633247,1.5520296763384547,12,2.7,False,False,True,False
-1.0415369632731195,-0.8918162839932531,-1.1188528111210827,1.0414380423255634,-1.396518382107687,-0.16556895036683691,-0.38119132510633247,-0.6979139883045768,12,4.5,False,True,False,False
-1.3050416511851348,-1.1758055172394846,-1.3646837716865523,0.6694191529851491,-1.351490068390741,0.38093003437730943,0.39434855817307285,-0.4933736551552102,1,3.5,False,False,False,True
-1.3050416511851348,-1.1758055172394846,-1.3646837716865523,0.6694191529851491,-1.351490068390741,0.38093003437730943,0.39434855817307285,-1.1069946546033098,1,2.9,True,False,False,False
-1.3050416511851348,-1.1758055172394846,-1.3646837716865523,0.6694191529851491,-1.351490068390741,0.38093003437730943,0.39434855817307285,-0.18656315543116064,1,4.5,False,False,True,False
-1.3050416511851348,-1.1758055172394846,-1.3646837716865523,0.6694191529851491,-1.351490068390741,0.38093003437730943,0.39434855817307285,-1.7206156540514093,1,2.1,False,True,False,False
-0.7070551166747251,-0.8556135049802086,-0.5997684763458592,-0.9468100453814857,-0.28660926649678964,0.5556517577750805,0.5619831453249254,-1.5160753209020426,2,4.0,False,False,False,True
-0.7070551166747251,-0.8556135049802086,-0.5997684763458592,-0.9468100453814857,-0.28660926649678964,0.5556517577750805,0.5619831453249254,-0.18656315543116064,2,2.4,True,False,False,False
-0.7070551166747251,-0.8556135049802086,-0.5997684763458592,-0.9468100453814857,-0.28660926649678964,0.5556517577750805,0.5619831453249254,0.6315981771663052,2,2.2,False,False,True,False
-0.7070551166747251,-0.8556135049802086,-0.5997684763458592,-0.9468100453814857,-0.28660926649678964,0.5556517577750805,0.5619831453249254,1.5520296763384547,2,3.5,False,True,False,False
-0.7495071978576937,-0.7804953832936997,-0.7167502042526985,0.8057945615297789,-0.6785982052831272,-0.3699786424292945,-0.4926746591442915,1.1429490100397213,3,4.3,False,False,False,True
-0.7495071978576937,-0.7804953832936997,-0.7167502042526985,0.8057945615297789,-0.6785982052831272,-0.3699786424292945,-0.4926746591442915,-0.595643821729893,3,3.7,True,False,False,False
-0.7495071978576937,-0.7804953832936997,-0.7167502042526985,0.8057945615297789,-0.6785982052831272,-0.3699786424292945,-0.4926746591442915,1.347489343189088,3,2.1,False,False,True,False
-0.7495071978576937,-0.7804953832936997,-0.7167502042526985,0.8057945615297789,-0.6785982052831272,-0.3699786424292945,-0.4926746591442915,-1.4138051543273593,3,3.7,False,True,False,False
-0.3285921463600066,-0.04741366696916526,-0.503218823969752,-0.3469485310301712,-1.142533677014268,-0.4342551424609706,-0.3866414350607149,1.347489343189088,4,4.9,False,False,False,True
-0.3285921463600066,-0.04741366696916526,-0.503218823969752,-0.3469485310301712,-1.142533677014268,-0.4342551424609706,-0.3866414350607149,0.8361385103156718,4,2.6,True,False,False,False
-0.3285921463600066,-0.04741366696916526,-0.503218823969752,-0.3469485310301712,-1.142533677014268,-0.4342551424609706,-0.3866414350607149,-0.3911034885805273,4,4.3,False,False,True,False
-0.3285921463600066,-0.04741366696916526,-0.503218823969752,-0.3469485310301712,-1.142533677014268,-0.4342551424609706,-0.3866414350607149,-0.4933736551552102,4,3.2,False,True,False,False
0.5244537581370422,0.5501840929370125,0.5000656111942403,-0.5211388956299184,0.481725153810429,0.09350329842322908,0.1354438734446771,-1.209264821177993,5,4.6,False,False,False,True
0.5244537581370422,0.5501840929370125,0.5000656111942403,-0.5211388956299184,0.481725153810429,0.09350329842322908,0.1354438734446771,1.2452191766144052,5,3.4,True,False,False,False
0.5244537581370422,0.5501840929370125,0.5000656111942403,-0.5211388956299184,0.481725153810429,0.09350329842322908,0.1354438734446771,0.6315981771663052,5,3.3,False,False,True,False
0.5244537581370422,0.5501840929370125,0.5000656111942403,-0.5211388956299184,0.481725153810429,0.09350329842322908,0.1354438734446771,0.2225175108675727,5,3.6,False,True,False,False
0.8236566826063626,0.752956972986525,0.8545326052869271,0.2530538736716601,1.08330967900129,2.7523201561675,2.7346633740225825,0.5293280105916223,6,3.7,False,False,False,True
0.8236566826063626,0.752956972986525,0.8545326052869271,0.2530538736716601,1.08330967900129,2.7523201561675,2.7346633740225825,1.1429490100397213,6,3.9,True,False,False,False
0.8236566826063626,0.752956972986525,0.8545326052869271,0.2530538736716601,1.08330967900129,2.7523201561675,2.7346633740225825,-0.4933736551552102,6,3.0,False,False,True,False
0.8236566826063626,0.752956972986525,0.8545326052869271,0.2530538736716601,1.08330967900129,2.7523201561675,2.7346633740225825,0.733868343740989,6,4.8,False,True,False,False
1.81041226295932,1.6635063584246808,1.8725117211499167,-0.6008975139512716,1.8392350033894445,2.806082570445473,2.890635903899007,1.0406788434650385,7,3.3,False,False,False,True
1.81041226295932,1.6635063584246808,1.8725117211499167,-0.6008975139512716,1.8392350033894445,2.806082570445473,2.890635903899007,-0.3911034885805273,7,2.9,True,False,False,False
1.81041226295932,1.6635063584246808,1.8725117211499167,-0.6008975139512716,1.8392350033894445,2.806082570445473,2.890635903899007,-1.4138051543273593,7,3.5,False,False,True,False
1.81041226295932,1.6635063584246808,1.8725117211499167,-0.6008975139512716,1.8392350033894445,2.806082570445473,2.890635903899007,0.6315981771663052,7,3.5,False,True,False,False
1.350245523762383,1.20742924942992,1.4174689662409068,-0.21592297189033646,1.2593078463099427,2.7480655766203266,2.7792993412242724,1.1429490100397213,8,3.2,False,False,False,True
1.350245523762383,1.20742924942992,1.4174689662409068,-0.21592297189033646,1.2593078463099427,2.7480655766203266,2.7792993412242724,-0.595643821729893,8,4.1,True,False,False,False
1.350245523762383,1.20742924942992,1.4174689662409068,-0.21592297189033646,1.2593078463099427,2.7480655766203266,2.7792993412242724,0.733868343740989,8,4.7,False,False,True,False
1.350245523762383,1.20742924942992,1.4174689662409068,-0.21592297189033646,1.2593078463099427,2.7480655766203266,2.7792993412242724,-0.595643821729893,8,4.5,False,True,False,False
0.8697609975683392,0.8056479018350985,0.8947350224657836,-0.9164958167295922,0.5788549788573579,2.969887399193258,2.9983416226120885,1.5520296763384547,9,3.2,False,False,False,True
0.8697609975683392,0.8056479018350985,0.8947350224657836,-0.9164958167295922,0.5788549788573579,2.969887399193258,2.9983416226120885,-1.618345487476726,9,2.1,True,False,False,False
0.8697609975683392,0.8056479018350985,0.8947350224657836,-0.9164958167295922,0.5788549788573579,2.969887399193258,2.9983416226120885,-1.618345487476726,9,3.8,False,False,True,False
0.8697609975683392,0.8056479018350985,0.8947350224657836,-0.9164958167295922,0.5788549788573579,2.969887399193258,2.9983416226120885,0.42705784401693936,9,4.3,False,True,False,False
-0.15627230061617245,-0.152979822182231,-0.1561193122253574,-0.014074434883124784,-0.29097947136974894,3.0513362261608368,2.8966115951160076,-1.209264821177993,10,3.1,False,False,False,True
-0.15627230061617245,-0.152979822182231,-0.1561193122253574,-0.014074434883124784,-0.29097947136974894,3.0513362261608368,2.8966115951160076,-0.8001841548792598,10,2.9,True,False,False,False
-0.15627230061617245,-0.152979822182231,-0.1561193122253574,-0.014074434883124784,-0.29097947136974894,3.0513362261608368,2.8966115951160076,-0.3911034885805273,10,3.5,False,False,True,False
-0.15627230061617245,-0.152979822182231,-0.1561193122253574,-0.014074434883124784,-0.29097947136974894,3.0513362261608368,2.8966115951160076,-0.9024543214539436,10,4.0,False,True,False,False
-0.44230917292152255,-0.24096789968686003,-0.5642231358506353,-1.3014385269924713,-1.10240219241404,3.3122615025718987,3.2537866966358755,0.5293280105916223,11,2.5,False,False,False,True
-0.44230917292152255,-0.24096789968686003,-0.5642231358506353,-1.3014385269924713,-1.10240219241404,3.3122615025718987,3.2537866966358755,-0.9024543214539436,11,3.2,True,False,False,False
-0.44230917292152255,-0.24096789968686003,-0.5642231358506353,-1.3014385269924713,-1.10240219241404,3.3122615025718987,3.2537866966358755,-1.1069946546033098,11,3.5,False,False,True,False
-0.44230917292152255,-0.24096789968686003,-0.5642231358506353,-1.3014385269924713,-1.10240219241404,3.3122615025718987,3.2537866966358755,0.42705784401693936,11,3.8,False,True,False,False
-1.2110815438680476,-1.0055509676636312,-1.320627792558635,1.2311350399777532,-1.4485823698429057,2.824120581252939,2.530521880558343,1.347489343189088,12,3.5,False,False,False,True
-1.2110815438680476,-1.0055509676636312,-1.320627792558635,1.2311350399777532,-1.4485823698429057,2.824120581252939,2.530521880558343,-0.6979139883045768,12,2.1,True,False,False,False
-1.2110815438680476,-1.0055509676636312,-1.320627792558635,1.2311350399777532,-1.4485823698429057,2.824120581252939,2.530521880558343,-0.08429298885647685,12,2.4,False,False,True,False
-1.2110815438680476,-1.0055509676636312,-1.320627792558635,1.2311350399777532,-1.4485823698429057,2.824120581252939,2.530521880558343,-1.1069946546033098,12,3.2,False,True,False,False
-1.4679324576834525,-1.4899483317023245,-1.431062115123348,0.9781537658999578,-0.955334716668525,2.931610247994402,2.7905168668421214,-0.595643821729893,1,2.4,False,False,False,True
-1.4679324576834525,-1.4899483317023245,-1.431062115123348,0.9781537658999578,-0.955334716668525,2.931610247994402,2.7905168668421214,0.01797717771820604,1,4.8,True,False,False,False
-1.4679324576834525,-1.4899483317023245,-1.431062115123348,0.9781537658999578,-0.955334716668525,2.931610247994402,2.7905168668421214,-1.618345487476726,1,3.9,False,False,True,False
-1.4679324576834525,-1.4899483317023245,-1.431062115123348,0.9781537658999578,-0.955334716668525,2.931610247994402,2.7905168668421214,1.0406788434650385,1,2.8,False,True,False,False
-0.8071684916549998,-0.49273069969154076,-0.9915584476388937,1.8080694656135767,-1.0923762452606356,-0.5135865249630313,-0.6987716064512381,0.8361385103156718,2,3.9,False,False,False,True
-0.8071684916549998,-0.49273069969154076,-0.9915584476388937,1.8080694656135767,-1.0923762452606356,-0.5135865249630313,-0.6987716064512381,1.4497595097637719,2,2.6,True,False,False,False
-0.8071684916549998,-0.49273069969154076,-0.9915584476388937,1.8080694656135767,-1.0923762452606356,-0.5135865249630313,-0.6987716064512381,-0.4933736551552102,2,2.9,False,False,True,False
-0.8071684916549998,-0.49273069969154076,-0.9915584476388937,1.8080694656135767,-1.0923762452606356,-0.5135865249630313,-0.6987716064512381,-0.8001841548792598,2,4.0,False,True,False,False
-0.7746164141750125,-0.9916296722304627,-0.6226205423807479,0.08490692936115804,0.12919098100150503,-0.0564548077982271,-0.029338432781452317,-1.7206156540514093,3,2.1,False,False,False,True
-0.7746164141750125,-0.9916296722304627,-0.6226205423807479,0.08490692936115804,0.12919098100150503,-0.0564548077982271,-0.029338432781452317,0.8361385103156718,3,2.8,True,False,False,False
-0.7746164141750125,-0.9916296722304627,-0.6226205423807479,0.08490692936115804,0.12919098100150503,-0.0564548077982271,-0.029338432781452317,1.5520296763384547,3,2.9,False,False,True,False
-0.7746164141750125,-0.9916296722304627,-0.6226205423807479,0.08490692936115804,0.12919098100150503,-0.0564548077982271,-0.029338432781452317,-1.4138051543273593,3,3.9,False,True,False,False
-0.33637509525631054,-0.24822445839981622,-0.38660615899843276,-0.6592243852651732,-0.4383909134006012,-0.8684958151893571,-0.7664507775235956,1.347489343189088,4,2.5,False,False,False,True
-0.33637509525631054,-0.24822445839981622,-0.38660615899843276,-0.6592243852651732,-0.4383909134006012,-0.8684958151893571,-0.7664507775235956,-0.6979139883045768,4,3.1,True,False,False,False
-0.33637509525631054,-0.24822445839981622,-0.38660615899843276,-0.6592243852651732,-0.4383909134006012,-0.8684958151893571,-0.7664507775235956,0.01797717771820604,4,2.1,False,False,True,False
-0.33637509525631054,-0.24822445839981622,-0.38660615899843276,-0.6592243852651732,-0.4383909134006012,-0.8684958151893571,-0.7664507775235956,-1.1069946546033098,4,4.1,False,True,False,False
0.08019552375686997,-0.05975487434899382,0.1685323102592622,0.7249795046144422,0.3424188082486265,-0.45084378327722313,-0.41499067332319295,-0.08429298885647685,5,3.5,False,False,False,True
0.08019552375686997,-0.05975487434899382,0.1685323102592622,0.7249795046144422,0.3424188082486265,-0.45084378327722313,-0.41499067332319295,1.1429490100397213,5,3.0,True,False,False,False
0.08019552375686997,-0.05975487434899382,0.1685323102592622,0.7249795046144422,0.3424188082486265,-0.45084378327722313,-0.41499067332319295,-0.595643821729893,5,3.9,False,False,True,False
0.08019552375686997,-0.05975487434899382,0.1685323102592622,0.7249795046144422,0.3424188082486265,-0.45084378327722313,-0.41499067332319295,0.32478767744225556,5,3.1,False,True,False,False
0.8394631974794009,0.8233235448490669,0.83578818606784,0.06916503307187018,0.38760034331086035,0.40188178754129933,0.4726492166901034,1.5520296763384547,6,3.6,False,False,False,True
0.8394631974794009,0.8233235448490669,0.83578818606784,0.06916503307187018,0.38760034331086035,0.40188178754129933,0.4726492166901034,-1.1069946546033098,6,2.2,True,False,False,False
0.8394631974794009,0.8233235448490669,0.83578818606784,0.06916503307187018,0.38760034331086035,0.40188178754129933,0.4726492166901034,-1.0047244880286264,6,4.5,False,False,True,False
0.8394631974794009,0.8233235448490669,0.83578818606784,0.06916503307187018,0.38760034331086035,0.40188178754129933,0.4726492166901034,1.4497595097637719,6,3.5,False,True,False,False
1.2581783972655476,1.1327342902328559,1.316747731229912,0.05217951538540521,1.5740369973940138,1.0535052209756695,1.159782184727556,1.2452191766144052,7,3.1,False,False,False,True
1.2581783972655476,1.1327342902328559,1.316747731229912,0.05217951538540521,1.5740369973940138,1.0535052209756695,1.159782184727556,1.347489343189088,7,5.0,True,False,False,False
1.2581783972655476,1.1327342902328559,1.316747731229912,0.05217951538540521,1.5740369973940138,1.0535052209756695,1.159782184727556,-1.618345487476726,7,4.5,False,False,True,False
1.2581783972655476,1.1327342902328559,1.316747731229912,0.05217951538540521,1.5740369973940138,1.0535052209756695,1.159782184727556,-1.3115349877526759,7,4.5,False,True,False,False
1.442564591993357,1.2742744676952247,1.52535485127641,-0.7058276534174128,1.3215032046314745,-0.4238817039650406,-0.3062121258361017,0.733868343740989,8,4.2,False,False,False,True
1.442564591993357,1.2742744676952247,1.52535485127641,-0.7058276534174128,1.3215032046314745,-0.4238817039650406,-0.3062121258361017,1.347489343189088,8,3.2,True,False,False,False
1.442564591993357,1.2742744676952247,1.52535485127641,-0.7058276534174128,1.3215032046314745,-0.4238817039650406,-0.3062121258361017,1.5520296763384547,8,4.5,False,False,True,False
1.442564591993357,1.2742744676952247,1.52535485127641,-0.7058276534174128,1.3215032046314745,-0.4238817039650406,-0.3062121258361017,0.2225175108675727,8,2.6,False,True,False,False
0.7315932210124831,0.9652768600627428,0.5688716950920758,-0.5846160483510535,-0.07265156220093671,1.2110153817024405,1.3066842443566806,0.2225175108675727,9,3.6,False,False,False,True
0.7315932210124831,0.9652768600627428,0.5688716950920758,-0.5846160483510535,-0.07265156220093671,1.2110153817024405,1.3066842443566806,0.9384086768903556,9,3.6,True,False,False,False
0.7315932210124831,0.9652768600627428,0.5688716950920758,-0.5846160483510535,-0.07265156220093671,1.2110153817024405,1.3066842443566806,0.01797717771820604,9,2.5,False,False,True,False
0.7315932210124831,0.9652768600627428,0.5688716950920758,-0.5846160483510535,-0.07265156220093671,1.2110153817024405,1.3066842443566806,0.6315981771663052,9,3.1,False,True,False,False
0.10732320350233386,0.06355951048684504,0.13345572462649385,-1.266994525077711,-0.07643831830588253,1.0971761945095069,1.129673087928884,0.8361385103156718,10,4.0,False,False,False,True
0.10732320350233386,0.06355951048684504,0.13345572462649385,-1.266994525077711,-0.07643831830588253,1.0971761945095069,1.129673087928884,1.5520296763384547,10,4.9,True,False,False,False
0.10732320350233386,0.06355951048684504,0.13345572462649385,-1.266994525077711,-0.07643831830588253,1.0971761945095069,1.129673087928884,0.42705784401693936,10,3.8,False,False,True,False
0.10732320350233386,0.06355951048684504,0.13345572462649385,-1.266994525077711,-0.07643831830588253,1.0971761945095069,1.129673087928884,0.2225175108675727,10,3.2,False,True,False,False
-1.1550710879477988,-1.1904309151437533,-1.1119031243764326,-0.9569580433814797,-0.6402115678394301,-0.3981320040146885,-0.3504587994695739,-0.6979139883045768,11,2.4,False,False,False,True
-1.1550710879477988,-1.1904309151437533,-1.1119031243764326,-0.9569580433814797,-0.6402115678394301,-0.3981320040146885,-0.3504587994695739,0.01797717771820604,11,4.2,True,False,False,False
-1.1550710879477988,-1.1904309151437533,-1.1119031243764326,-0.9569580433814797,-0.6402115678394301,-0.3981320040146885,-0.3504587994695739,1.4497595097637719,11,4.3,False,False,True,False
-1.1550710879477988,-1.1904309151437533,-1.1119031243764326,-0.9569580433814797,-0.6402115678394301,-0.3981320040146885,-0.3504587994695739,-0.2888333220058435,11,3.2,False,True,False,False
-0.9793835233724968,-0.8294931990908105,-1.0576572358204726,0.19455749156324006,-1.3610585850555919,-0.06075861388564511,-0.06961668831784214,0.01797717771820604,12,4.1,False,False,False,True
-0.9793835233724968,-0.8294931990908105,-1.0576572358204726,0.19455749156324006,-1.3610585850555919,-0.06075861388564511,-0.06961668831784214,-0.8001841548792598,12,3.5,True,False,False,False
-0.9793835233724968,-0.8294931990908105,-1.0576572358204726,0.19455749156324006,-1.3610585850555919,-0.06075861388564511,-0.06961668831784214,1.6542998429131375,12,3.1,False,False,True,False
-0.9793835233724968,-0.8294931990908105,-1.0576572358204726,0.19455749156324006,-1.3610585850555919,-0.06075861388564511,-0.06961668831784214,-0.6979139883045768,12,4.6,False,True,False,False
-1.3750814532752598,-1.7585857163962777,-1.104518755247289,-1.4236591002362002,-0.21930940537027616,0.5763734637577081,0.6358922873657316,-0.18656315543116064,1,3.1,False,False,False,True
-1.3750814532752598,-1.7585857163962777,-1.104518755247289,-1.4236591002362002,-0.21930940537027616,0.5763734637577081,0.6358922873657316,0.12024734429288891,1,3.3,True,False,False,False
-1.3750814532752598,-1.7585857163962777,-1.104518755247289,-1.4236591002362002,-0.21930940537027616,0.5763734637577081,0.6358922873657316,-1.1069946546033098,1,2.9,False,False,True,False
-1.3750814532752598,-1.7585857163962777,-1.104518755247289,-1.4236591002362002,-0.21930940537027616,0.5763734637577081,0.6358922873657316,1.347489343189088,1,3.6,False,True,False,False
-1.0214203365195698,-1.3890290339097224,-0.7676548541423527,-1.1504973931006188,-0.3720036334925634,0.4145467382279853,0.43675649614319495,1.1429490100397213,2,3.6,False,False,False,True
-1.0214203365195698,-1.3890290339097224,-0.7676548541423527,-1.1504973931006188,-0.3720036334925634,0.4145467382279853,0.43675649614319495,0.733868343740989,2,3.8,True,False,False,False
-1.0214203365195698,-1.3890290339097224,-0.7676548541423527,-1.1504973931006188,-0.3720036334925634,0.4145467382279853,0.43675649614319495,-1.209264821177993,2,3.8,False,False,True,False
-1.0214203365195698,-1.3890290339097224,-0.7676548541423527,-1.1504973931006188,-0.3720036334925634,0.4145467382279853,0.43675649614319495,-1.0047244880286264,2,2.4,False,True,False,False
-0.8816975102933932,-0.7006810278367919,-0.9824771577670788,0.690245134590595,-1.3766308768827025,-0.6413504939103235,-0.6654245536597848,-1.0047244880286264,3,4.4,False,False,False,True
-0.8816975102933932,-0.7006810278367919,-0.9824771577670788,0.690245134590595,-1.3766308768827025,-0.6413504939103235,-0.6654245536597848,-0.8001841548792598,3,3.2,True,False,False,False
-0.8816975102933932,-0.7006810278367919,-0.9824771577670788,0.690245134590595,-1.3766308768827025,-0.6413504939103235,-0.6654245536597848,1.347489343189088,3,2.7,False,False,True,False
-0.8816975102933932,-0.7006810278367919,-0.9824771577670788,0.690245134590595,-1.3766308768827025,-0.6413504939103235,-0.6654245536597848,-0.6979139883045768,3,3.4,False,True,False,False
-0.634972727785921,-0.7854321382908428,-0.5277242415549636,0.7226183320075062,-0.017301132957626763,-0.7482452227514887,-0.8310161991174156,0.2225175108675727,4,2.2,False,False,False,True
-0.634972727785921,-0.7854321382908428,-0.5277242415549636,0.7226183320075062,-0.017301132957626763,-0.7482452227514887,-0.8310161991174156,0.733868343740989,4,4.3,True,False,False,False
-0.634972727785921,-0.7854321382908428,-0.5277242415549636,0.7226183320075062,-0.017301132957626763,-0.7482452227514887,-0.8310161991174156,1.2452191766144052,4,3.9,False,False,True,False
-0.634972727785921,-0.7854321382908428,-0.5277242415549636,0.7226183320075062,-0.017301132957626763,-0.7482452227514887,-0.8310161991174156,1.6542998429131375,4,3.7,False,True,False,False
0.5758322945707298,0.506821322733164,0.6096754827109148,0.307325240818743,0.5554590175219276,-0.3424469417231929,-0.30897981439973565,-1.3115349877526759,5,3.6,False,False,False,True
0.5758322945707298,0.506821322733164,0.6096754827109148,0.307325240818743,0.5554590175219276,-0.3424469417231929,-0.30897981439973565,-0.6979139883045768,5,4.0,True,False,False,False
0.5758322945707298,0.506821322733164,0.6096754827109148,0.307325240818743,0.5554590175219276,-0.3424469417231929,-0.30897981439973565,1.2452191766144052,5,2.2,False,False,True,False
0.5758322945707298,0.506821322733164,0.6096754827109148,0.307325240818743,0.5554590175219276,-0.3424469417231929,-0.30897981439973565,-0.3911034885805273,5,2.3,False,True,False,False
0.9981140648748883,1.0438576347501949,0.9520011503880147,0.7924107877622494,0.604155262627067,-0.5130633171641693,-0.4123376062050835,0.8361385103156718,6,2.8,False,False,False,True
0.9981140648748883,1.0438576347501949,0.9520011503880147,0.7924107877622494,0.604155262627067,-0.5130633171641693,-0.4123376062050835,-1.209264821177993,6,4.8,True,False,False,False
0.9981140648748883,1.0438576347501949,0.9520011503880147,0.7924107877622494,0.604155262627067,-0.5130633171641693,-0.4123376062050835,1.347489343189088,6,4.5,False,False,True,False
0.9981140648748883,1.0438576347501949,0.9520011503880147,0.7924107877622494,0.604155262627067,-0.5130633171641693,-0.4123376062050835,1.2452191766144052,6,3.0,False,True,False,False
1.8615524845285647,1.7188458066659817,1.9201786683256692,-0.49489596274572584,1.5076202346615173,-0.21957749734588644,-0.09972578511651412,1.0406788434650385,7,4.3,False,False,False,True
1.8615524845285647,1.7188458066659817,1.9201786683256692,-0.49489596274572584,1.5076202346615173,-0.21957749734588644,-0.09972578511651412,-0.8001841548792598,7,2.7,True,False,False,False
1.8615524845285647,1.7188458066659817,1.9201786683256692,-0.49489596274572584,1.5076202346615173,-0.21957749734588644,-0.09972578511651412,0.5293280105916223,7,4.0,False,False,True,False
1.8615524845285647,1.7188458066659817,1.9201786683256692,-0.49489596274572584,1.5076202346615173,-0.21957749734588644,-0.09972578511651412,-1.5160753209020426,7,3.9,False,True,False,False
1.6884675366579998,1.6719433572848865,1.669506674457324,-0.12645510060130447,1.3116532610058922,-0.585569791483526,-0.45734469528234517,0.01797717771820604,8,2.9,False,False,False,True
1.6884675366579998,1.6719433572848865,1.669506674457324,-0.12645510060130447,1.3116532610058922,-0.585569791483526,-0.45734469528234517,-0.4933736551552102,8,4.4,True,False,False,False
1.6884675366579998,1.6719433572848865,1.669506674457324,-0.12645510060130447,1.3116532610058922,-0.585569791483526,-0.45734469528234517,-1.618345487476726,8,2.4,False,False,True,False
1.6884675366579998,1.6719433572848865,1.669506674457324,-0.12645510060130447,1.3116532610058922,-0.585569791483526,-0.45734469528234517,-1.209264821177993,8,4.9,False,True,False,False
0.7419523229662569,0.8932977776786,0.6290741484945366,-0.31968527995466833,0.21679919387703803,-0.22067735890154044,-0.14816103389194255,-0.08429298885647685,9,4.1,False,False,False,True
0.7419523229662569,0.8932977776786,0.6290741484945366,-0.31968527995466833,0.21679919387703803,-0.22067735890154044,-0.14816103389194255,0.9384086768903556,9,3.3,True,False,False,False
0.7419523229662569,0.8932977776786,0.6290741484945366,-0.31968527995466833,0.21679919387703803,-0.22067735890154044,-0.14816103389194255,0.733868343740989,9,4.8,False,False,True,False
0.7419523229662569,0.8932977776786,0.6290741484945366,-0.31968527995466833,0.21679919387703803,-0.22067735890154044,-0.14816103389194255,0.42705784401693936,9,4.1,False,True,False,False
0.47786650898453215,0.7642960403746699,0.2871322758768305,-0.023364994339801888,-0.5730630950090345,0.3581311138947276,0.3950474694265232,-0.08429298885647685,10,2.9,False,False,False,True
0.47786650898453215,0.7642960403746699,0.2871322758768305,-0.023364994339801888,-0.5730630950090345,0.3581311138947276,0.3950474694265232,0.2225175108675727,10,2.4,True,False,False,False
0.47786650898453215,0.7642960403746699,0.2871322758768305,-0.023364994339801888,-0.5730630950090345,0.3581311138947276,0.3950474694265232,-0.4933736551552102,10,3.4,False,False,True,False
0.47786650898453215,0.7642960403746699,0.2871322758768305,-0.023364994339801888,-0.5730630950090345,0.3581311138947276,0.3950474694265232,-0.9024543214539436,10,3.4,False,True,False,False
-0.6465003315965493,-0.43843599740504496,-0.7678419505537047,0.5127618980310905,-1.3163398409954497,-0.5077876385256807,-0.5389334982764429,0.6315981771663052,11,3.1,False,False,False,True
-0.6465003315965493,-0.43843599740504496,-0.7678419505537047,0.5127618980310905,-1.3163398409954497,-0.5077876385256807,-0.5389334982764429,-1.1069946546033098,11,3.0,True,False,False,False
-0.6465003315965493,-0.43843599740504496,-0.7678419505537047,0.5127618980310905,-1.3163398409954497,-0.5077876385256807,-0.5389334982764429,-1.1069946546033098,11,2.8,False,False,True,False
-0.6465003315965493,-0.43843599740504496,-0.7678419505537047,0.5127618980310905,-1.3163398409954497,-0.5077876385256807,-0.5389334982764429,-0.2888333220058435,11,2.5,False,True,False,False
-0.7677322261351489,-0.2535037880162446,-1.083298481272215,1.3017018106900575,-1.8062760369318966,-0.7444308691210946,-0.8981410337213505,0.733868343740989,12,4.8,False,False,False,True
-0.7677322261351489,-0.2535037880162446,-1.083298481272215,1.3017018106900575,-1.8062760369318966,-0.7444308691210946,-0.8981410337213505,0.9384086768903556,12,2.4,True,False,False,False
-0.7677322261351489,-0.2535037880162446,-1.083298481272215,1.3017018106900575,-1.8062760369318966,-0.7444308691210946,-0.8981410337213505,-1.3115349877526759,12,2.7,False,False,True,False
-0.7677322261351489,-0.2535037880162446,-1.083298481272215,1.3017018106900575,-1.8062760369318966,-0.7444308691210946,-0.8981410337213505,-1.618345487476726,12,2.4,False,True,False,False
-1.482220163976253,-1.4909525832295025,-1.4501677404351119,0.8746654848822966,-1.0105882099586943,0.2566259879708438,0.1436630697852536,-0.08429298885647685,1,2.1,False,False,False,True
-1.482220163976253,-1.4909525832295025,-1.4501677404351119,0.8746654848822966,-1.0105882099586943,0.2566259879708438,0.1436630697852536,1.5520296763384547,1,2.7,True,False,False,False
-1.482220163976253,-1.4909525832295025,-1.4501677404351119,0.8746654848822966,-1.0105882099586943,0.2566259879708438,0.1436630697852536,0.733868343740989,1,2.5,False,False,True,False
-1.482220163976253,-1.4909525832295025,-1.4501677404351119,0.8746654848822966,-1.0105882099586943,0.2566259879708438,0.1436630697852536,0.42705784401693936,1,2.8,False,True,False,False
-1.3478667587697355,-1.6550645197412999,-1.1267935239926863,-0.955097607615721,-0.17331954953749937,0.1902213944669954,0.21761786484687892,0.32478767744225556,2,3.7,False,False,False,True
-1.3478667587697355,-1.6550645197412999,-1.1267935239926863,-0.955097607615721,-0.17331954953749937,0.1902213944669954,0.21761786484687892,0.2225175108675727,2,4.9,True,False,False,False
-1.3478667587697355,-1.6550645197412999,-1.1267935239926863,-0.955097607615721,-0.17331954953749937,0.1902213944669954,0.21761786484687892,0.5293280105916223,2,4.9,False,False,True,False
-1.3478667587697355,-1.6550645197412999,-1.1267935239926863,-0.955097607615721,-0.17331954953749937,0.1902213944669954,0.21761786484687892,0.12024734429288891,2,3.3,False,True,False,False
-0.6103152488570204,-0.7311228870456873,-0.5220895403607797,0.9532600797869757,0.06324326320356054,-0.3581431756889768,-0.338669564446367,-1.7206156540514093,3,2.2,False,False,False,True
-0.6103152488570204,-0.7311228870456873,-0.5220895403607797,0.9532600797869757,0.06324326320356054,-0.3581431756889768,-0.338669564446367,-1.0047244880286264,3,3.4,True,False,False,False
-0.6103152488570204,-0.7311228870456873,-0.5220895403607797,0.9532600797869757,0.06324326320356054,-0.3581431756889768,-0.338669564446367,-1.0047244880286264,3,4.3,False,False,True,False
-0.6103152488570204,-0.7311228870456873,-0.5220895403607797,0.9532600797869757,0.06324326320356054,-0.3581431756889768,-0.338669564446367,-1.209264821177993,3,2.2,False,True,False,False
-0.06532807256927563,-0.4057488995997731,0.15426499445981984,0.2197621754523402,0.9141564407708592,-0.44862155660465014,-0.3982978769457663,-0.595643821729893,4,2.6,False,False,False,True
-0.06532807256927563,-0.4057488995997731,0.15426499445981984,0.2197621754523402,0.9141564407708592,-0.44862155660465014,-0.3982978769457663,0.8361385103156718,4,3.3,True,False,False,False
-0.06532807256927563,-0.4057488995997731,0.15426499445981984,0.2197621754523402,0.9141564407708592,-0.44862155660465014,-0.3982978769457663,-1.1069946546033098,4,4.5,False,False,True,False
-0.06532807256927563,-0.4057488995997731,0.15426499445981984,0.2197621754523402,0.9141564407708592,-0.44862155660465014,-0.3982978769457663,0.6315981771663052,4,3.1,False,True,False,False
0.20424216141800824,0.19206934058493816,0.20863659531734974,0.5768856688102749,0.46071194074252075,-0.5389030313594477,-0.476320135813523,1.4497595097637719,5,2.3,False,False,False,True
0.20424216141800824,0.19206934058493816,0.20863659531734974,0.5768856688102749,0.46071194074252075,-0.5389030313594477,-0.476320135813523,0.32478767744225556,5,2.9,True,False,False,False
0.20424216141800824,0.19206934058493816,0.20863659531734974,0.5768856688102749,0.46071194074252075,-0.5389030313594477,-0.476320135813523,1.1429490100397213,5,4.6,False,False,True,False
0.20424216141800824,0.19206934058493816,0.20863659531734974,0.5768856688102749,0.46071194074252075,-0.5389030313594477,-0.476320135813523,-0.6979139883045768,5,3.7,False,True,False,False
1.0544140584857242,1.337721429074486,0.8545556878506105,-0.9081121492662787,0.616756936535352,-0.46320597399783936,-0.3596958435655806,-0.2888333220058435,6,4.4,False,False,False,True
1.0544140584857242,1.337721429074486,0.8545556878506105,-0.9081121492662787,0.616756936535352,-0.46320597399783936,-0.3596958435655806,0.6315981771663052,6,2.9,True,False,False,False
1.0544140584857242,1.337721429074486,0.8545556878506105,-0.9081121492662787,0.616756936535352,-0.46320597399783936,-0.3596958435655806,0.733868343740989,6,3.4,False,False,True,False
1.0544140584857242,1.337721429074486,0.8545556878506105,-0.9081121492662787,0.616756936535352,-0.46320597399783936,-0.3596958435655806,-1.0047244880286264,6,2.3,False,True,False,False
1.4057781692542863,1.292274586452812,1.453583510630959,-0.07658288055125978,1.7990847569918347,-0.36033727290999823,-0.2267878509939117,0.42705784401693936,7,4.5,False,False,False,True
1.4057781692542863,1.292274586452812,1.453583510630959,-0.07658288055125978,1.7990847569918347,-0.36033727290999823,-0.2267878509939117,-1.618345487476726,7,4.6,True,False,False,False
1.4057781692542863,1.292274586452812,1.453583510630959,-0.07658288055125978,1.7990847569918347,-0.36033727290999823,-0.2267878509939117,0.9384086768903556,7,4.8,False,False,True,False
1.4057781692542863,1.292274586452812,1.453583510630959,-0.07658288055125978,1.7990847569918347,-0.36033727290999823,-0.2267878509939117,-1.1069946546033098,7,2.2,False,True,False,False
1.603010462868042,1.4989343499387915,1.6421840648025128,-0.36166824210631154,1.583793132032686,-0.26067462606274144,-0.15726015950060862,0.5293280105916223,8,4.7,False,False,False,True
1.603010462868042,1.4989343499387915,1.6421840648025128,-0.36166824210631154,1.583793132032686,-0.26067462606274144,-0.15726015950060862,0.32478767744225556,8,4.1,True,False,False,False
1.603010462868042,1.4989343499387915,1.6421840648025128,-0.36166824210631154,1.583793132032686,-0.26067462606274144,-0.15726015950060862,0.8361385103156718,8,2.6,False,False,True,False
1.603010462868042,1.4989343499387915,1.6421840648025128,-0.36166824210631154,1.583793132032686,-0.26067462606274144,-0.15726015950060862,-1.618345487476726,8,3.5,False,True,False,False
0.8435166274957958,1.0756419752512396,0.6799454755278158,-0.7622678529514779,0.028937316690462404,-0.489104760041379,-0.38256818027561496,1.4497595097637719,9,2.9,False,False,False,True
0.8435166274957958,1.0756419752512396,0.6799454755278158,-0.7622678529514779,0.028937316690462404,-0.489104760041379,-0.38256818027561496,-1.5160753209020426,9,4.6,True,False,False,False
0.8435166274957958,1.0756419752512396,0.6799454755278158,-0.7622678529514779,0.028937316690462404,-0.489104760041379,-0.38256818027561496,-0.6979139883045768,9,4.6,False,False,True,False
0.8435166274957958,1.0756419752512396,0.6799454755278158,-0.7622678529514779,0.028937316690462404,-0.489104760041379,-0.38256818027561496,-0.8001841548792598,9,4.4,False,True,False,False
0.3912175945491688,0.6366276955796738,0.2264820351504953,0.9803082351585495,-0.7635891474238625,-0.6413504939103235,-0.6869789767162093,0.32478767744225556,10,4.5,False,False,False,True
0.3912175945491688,0.6366276955796738,0.2264820351504953,0.9803082351585495,-0.7635891474238625,-0.6413504939103235,-0.6869789767162093,-0.6979139883045768,10,3.5,True,False,False,False
0.3912175945491688,0.6366276955796738,0.2264820351504953,0.9803082351585495,-0.7635891474238625,-0.6413504939103235,-0.6869789767162093,1.0406788434650385,10,4.1,False,False,True,False
0.3912175945491688,0.6366276955796738,0.2264820351504953,0.9803082351585495,-0.7635891474238625,-0.6413504939103235,-0.6869789767162093,-1.1069946546033098,10,4.8,False,True,False,False
-0.5253616028267728,-0.24438917736848353,-0.6955493715128441,0.8570091517953595,-1.36131812325271,-0.36222686881796073,-0.36521351494115456,-1.0047244880286264,11,3.9,False,False,False,True
-0.5253616028267728,-0.24438917736848353,-0.6955493715128441,0.8570091517953595,-1.36131812325271,-0.36222686881796073,-0.36521351494115456,1.2452191766144052,11,3.4,True,False,False,False
-0.5253616028267728,-0.24438917736848353,-0.6955493715128441,0.8570091517953595,-1.36131812325271,-0.36222686881796073,-0.36521351494115456,-0.2888333220058435,11,3.3,False,False,True,False
-0.5253616028267728,-0.24438917736848353,-0.6955493715128441,0.8570091517953595,-1.36131812325271,-0.36222686881796073,-0.36521351494115456,-1.209264821177993,11,2.0,False,True,False,False
-1.2881967096585238,-1.1644538124893968,-1.3448068020367447,-0.9634622483572011,-1.4680008301333387,0.25424201695184934,0.23210329979695352,0.01797717771820604,12,3.6,False,False,False,True
-1.2881967096585238,-1.1644538124893968,-1.3448068020367447,-0.9634622483572011,-1.4680008301333387,0.25424201695184934,0.23210329979695352,1.2452191766144052,12,2.8,True,False,False,False
-1.2881967096585238,-1.1644538124893968,-1.3448068020367447,-0.9634622483572011,-1.4680008301333387,0.25424201695184934,0.23210329979695352,0.5293280105916223,12,4.5,False,False,True,False
-1.2881967096585238,-1.1644538124893968,-1.3448068020367447,-0.9634622483572011,-1.4680008301333387,0.25424201695184934,0.23210329979695352,0.12024734429288891,12,2.4,False,True,False,False
-0.9654007571278854,-0.8362151889624311,-1.0308629190344896,-0.32620185163939075,-1.1955795321458147,0.12017001849413515,0.08210296658128488,0.01797717771820604,1,2.2,False,False,False,True
-0.9654007571278854,-0.8362151889624311,-1.0308629190344896,-0.32620185163939075,-1.1955795321458147,0.12017001849413515,0.08210296658128488,0.2225175108675727,1,4.2,True,False,False,False
-0.9654007571278854,-0.8362151889624311,-1.0308629190344896,-0.32620185163939075,-1.1955795321458147,0.12017001849413515,0.08210296658128488,-0.8001841548792598,1,2.7,False,False,True,False
-0.9654007571278854,-0.8362151889624311,-1.0308629190344896,-0.32620185163939075,-1.1955795321458147,0.12017001849413515,0.08210296658128488,-1.1069946546033098,1,4.9,False,True,False,False
-0.8367406595442938,-0.7827386050031604,-0.8561578598951337,1.3727292494398136,-0.8748433711068316,0.14089681687748856,-0.1571719520803359,-0.8001841548792598,2,2.1,False,False,False,True
-0.8367406595442938,-0.7827386050031604,-0.8561578598951337,1.3727292494398136,-0.8748433711068316,0.14089681687748856,-0.1571719520803359,0.5293280105916223,2,2.4,True,False,False,False
-0.8367406595442938,-0.7827386050031604,-0.8561578598951337,1.3727292494398136,-0.8748433711068316,0.14089681687748856,-0.1571719520803359,-1.1069946546033098,2,4.5,False,False,True,False
-0.8367406595442938,-0.7827386050031604,-0.8561578598951337,1.3727292494398136,-0.8748433711068316,0.14089681687748856,-0.1571719520803359,-1.4138051543273593,2,4.8,False,True,False,False
-0.7248696399031198,-0.6119040192177231,-0.7850367142937953,2.2222541188773888,-0.8167788430020052,-0.7386291697385858,-1.033611001977771,0.01797717771820604,3,4.6,False,False,False,True
-0.7248696399031198,-0.6119040192177231,-0.7850367142937953,2.2222541188773888,-0.8167788430020052,-0.7386291697385858,-1.033611001977771,1.4497595097637719,3,3.4,True,False,False,False
-0.7248696399031198,-0.6119040192177231,-0.7850367142937953,2.2222541188773888,-0.8167788430020052,-0.7386291697385858,-1.033611001977771,0.12024734429288891,3,3.0,False,False,True,False
-0.7248696399031198,-0.6119040192177231,-0.7850367142937953,2.2222541188773888,-0.8167788430020052,-0.7386291697385858,-1.033611001977771,-1.5160753209020426,3,4.0,False,True,False,False
-0.26026808700972276,-0.3264519246730872,-0.21331872649448552,0.6317847619726585,0.5221474462700803,-0.3768548868611084,-0.4823629225108668,-0.2888333220058435,4,4.9,False,False,False,True
-0.26026808700972276,-0.3264519246730872,-0.21331872649448552,0.6317847619726585,0.5221474462700803,-0.3768548868611084,-0.4823629225108668,0.733868343740989,4,4.7,True,False,False,False
-0.26026808700972276,-0.3264519246730872,-0.21331872649448552,0.6317847619726585,0.5221474462700803,-0.3768548868611084,-0.4823629225108668,-1.618345487476726,4,2.7,False,False,True,False
-0.26026808700972276,-0.3264519246730872,-0.21331872649448552,0.6317847619726585,0.5221474462700803,-0.3768548868611084,-0.4823629225108668,0.32478767744225556,4,3.9,False,True,False,False
0.022287009120952918,-0.06910333708436016,0.07678769451229786,0.2330617668689154,0.496265546781526,-0.5741562665164964,-0.45684147917984613,-0.595643821729893,5,3.3,False,False,False,True
0.022287009120952918,-0.06910333708436016,0.07678769451229786,0.2330617668689154,0.496265546781526,-0.5741562665164964,-0.45684147917984613,-0.3911034885805273,5,2.4,True,False,False,False
0.022287009120952918,-0.06910333708436016,0.07678769451229786,0.2330617668689154,0.496265546781526,-0.5741562665164964,-0.45684147917984613,0.12024734429288891,5,3.5,False,False,True,False
0.022287009120952918,-0.06910333708436016,0.07678769451229786,0.2330617668689154,0.496265546781526,-0.5741562665164964,-0.45684147917984613,-0.6979139883045768,5,3.8,False,True,False,False
0.8152926934555978,0.8812338896654092,0.7584117096055606,-0.43351233303568626,0.6044460704864899,-0.651887786461525,-0.533928594790495,-1.0047244880286264,6,4.4,False,False,False,True
0.8152926934555978,0.8812338896654092,0.7584117096055606,-0.43351233303568626,0.6044460704864899,-0.651887786461525,-0.533928594790495,0.01797717771820604,6,2.5,True,False,False,False
0.8152926934555978,0.8812338896654092,0.7584117096055606,-0.43351233303568626,0.6044460704864899,-0.651887786461525,-0.533928594790495,0.01797717771820604,6,2.5,False,False,True,False
0.8152926934555978,0.8812338896654092,0.7584117096055606,-0.43351233303568626,0.6044460704864899,-0.651887786461525,-0.533928594790495,-1.618345487476726,6,2.2,False,True,False,False
1.5477910578302974,1.4966261250067894,1.553539490200781,-0.36123013896235057,1.758653083633493,-0.5533334400054264,-0.4408643679259556,0.32478767744225556,7,4.4,False,False,False,True
1.5477910578302974,1.4966261250067894,1.553539490200781,-0.36123013896235057,1.758653083633493,-0.5533334400054264,-0.4408643679259556,0.42705784401693936,7,2.9,True,False,False,False
1.5477910578302974,1.4966261250067894,1.553539490200781,-0.36123013896235057,1.758653083633493,-0.5533334400054264,-0.4408643679259556,0.01797717771820604,7,3.6,False,False,True,False
1.5477910578302974,1.4966261250067894,1.553539490200781,-0.36123013896235057,1.758653083633493,-0.5533334400054264,-0.4408643679259556,-0.6979139883045768,7,4.6,False,True,False,False
1.713750573241507,1.6347207711699883,1.7348893571541575,-0.716301645923725,1.3958937312513457,-0.9928350234102324,-0.8276558338108351,1.2452191766144052,8,5.0,False,False,False,True
1.713750573241507,1.6347207711699883,1.7348893571541575,-0.716301645923725,1.3958937312513457,-0.9928350234102324,-0.8276558338108351,-1.4138051543273593,8,3.6,True,False,False,False
1.713750573241507,1.6347207711699883,1.7348893571541575,-0.716301645923725,1.3958937312513457,-0.9928350234102324,-0.8276558338108351,-1.1069946546033098,8,3.0,False,False,True,False
1.713750573241507,1.6347207711699883,1.7348893571541575,-0.716301645923725,1.3958937312513457,-0.9928350234102324,-0.8276558338108351,-1.1069946546033098,8,2.9,False,True,False,False
0.5934254444566271,0.5472676446087898,0.6120000505975037,-0.45980656280698806,-0.08738582707831533,-0.5145457392609423,-0.426464000459861,-0.595643821729893,9,4.1,False,False,False,True
0.5934254444566271,0.5472676446087898,0.6120000505975037,-0.45980656280698806,-0.08738582707831533,-0.5145457392609423,-0.426464000459861,1.2452191766144052,9,3.1,True,False,False,False
0.5934254444566271,0.5472676446087898,0.6120000505975037,-0.45980656280698806,-0.08738582707831533,-0.5145457392609423,-0.426464000459861,-0.595643821729893,9,4.2,False,False,True,False
0.5934254444566271,0.5472676446087898,0.6120000505975037,-0.45980656280698806,-0.08738582707831533,-0.5145457392609423,-0.426464000459861,1.6542998429131375,9,3.2,False,True,False,False
0.13174690393839614,0.5535747655323,-0.14062721301869407,0.6312808879010092,-1.3607771580948609,-0.5298734774113829,-0.6119997774459786,0.2225175108675727,10,5.0,False,False,False,True
0.13174690393839614,0.5535747655323,-0.14062721301869407,0.6312808879010092,-1.3607771580948609,-0.5298734774113829,-0.6119997774459786,0.9384086768903556,10,3.8,True,False,False,False
0.13174690393839614,0.5535747655323,-0.14062721301869407,0.6312808879010092,-1.3607771580948609,-0.5298734774113829,-0.6119997774459786,-1.1069946546033098,10,4.2,False,False,True,False
0.13174690393839614,0.5535747655323,-0.14062721301869407,0.6312808879010092,-1.3607771580948609,-0.5298734774113829,-0.6119997774459786,0.5293280105916223,10,2.5,False,True,False,False
-0.0797708766082745,0.06228955397504345,-0.1675317064119799,-2.653087434378481,-0.593294566519357,-0.1970458066530593,0.008940936570025069,-1.4138051543273593,11,4.8,False,False,False,True
-0.0797708766082745,0.06228955397504345,-0.1675317064119799,-2.653087434378481,-0.593294566519357,-0.1970458066530593,0.008940936570025069,-0.18656315543116064,11,2.9,True,False,False,False
-0.0797708766082745,0.06228955397504345,-0.1675317064119799,-2.653087434378481,-0.593294566519357,-0.1970458066530593,0.008940936570025069,1.2452191766144052,11,4.0,False,False,True,False
-0.0797708766082745,0.06228955397504345,-0.1675317064119799,-2.653087434378481,-0.593294566519357,-0.1970458066530593,0.008940936570025069,-1.1069946546033098,11,2.6,False,True,False,False
